MP,FGA,FG%,2P,3P,3PA,FT,FTA,ORB,STL,BLK,TOV,PTS,eFG%,TRB%,AST%,OWS,DWS,WS/40
21.5,6,0.549,3.3,0,0,2.8,4.2,1.842602041,0.8,1.7,1.5,9.4,0.55,11.93196481,15.44281525,3.7,8,0.17
36.5,12.2,0.443,3.8,1.6,4.1,4.4,5.5,0.6,1.4,0,3,16.9,0.51,4.2,34.3,6.2,4.5,0.161
27,8.8,0.578,5.1,0,0,2.3,3.6,2.8,0.5,1.4,2,12.5,0.578,18,7,7.1,5,0.185
33,10.5,0.406,3.9,0.3,1.5,4,5,0.7,2.1,0.1,3.6,12.9,0.422,6.4,44.6,2,5.3,0.135
24.5,7,0.538,3.7,0,0.2,2.2,3.3,2.4,0.2,2.1,1.6,9.7,0.539,16.5,7.2,3.5,2.6,0.165
29.9,11.2,0.515,4.9,0.8,2.8,2.5,3.6,2.8,1.4,1.4,2.5,14.8,0.551,15.2,9.2,4.6,5.4,0.219
27.4,9.5,0.646,6.2,0,0,2.4,4.2,2.1,1,1.8,1.6,14.7,0.646,11.93196481,15.44281525,3.7,4,0.301
34.4,13.2,0.449,4.5,1.4,4,3.3,4.4,1.842602041,1,0.6,2.5,16.6,0.502,11.93196481,15.44281525,4.5,4,0.154
34,10.9,0.585,6.1,0.2,0.8,3.2,4.3,2.9,0.7,1.6,1.6,16.1,0.597,13.8,10,12,5.7,0.215
26,6.8,0.6,4.1,0,0,2.9,4.8,1.842602041,0.7,3.5,1.7,11,0.6,11.93196481,15.44281525,9.3,14.2,0.301
25.3,11.2,0.464,3.8,1.4,4.2,2.6,3.6,1.6,1.1,0.7,1.8,14.4,0.526,9.3,13.5,8.4,2.6,0.154
27.5,9.2,0.478,2.8,1.6,4.4,2.2,3,1.842602041,1,0.9,1.4,12.6,0.567,11.93196481,15.44281525,2.6,2.2,0.218
30.8,9.3,0.595,5.5,0,0,5,7.7,1.842602041,0.8,1.2,2.8,16.1,0.595,11.93196481,15.44281525,15.2,4.5,0.228
29.4,10.7,0.45,2.5,2.3,5.5,3.6,4.5,0.6,1.2,0.1,2.4,15.5,0.558,5.9,22.2,14.3,6.1,0.21
32.7,15.6,0.455,4.5,2.5,6.7,3.7,4.8,2,1.5,0.3,2,20.4,0.537,9.3,12.7,7.1,3.8,0.201
26.2,12.3,0.493,5.9,0.2,0.6,3.3,4.7,3,1.1,1.1,2.6,15.6,0.501,18.1,9.4,5.2,7.9,0.204
27.4,6.5,0.677,4.3,0.1,0.3,1.9,3.6,3.5,0.6,1,2.2,10.9,0.687,11.93196481,15.44281525,8.8,4,0.248
32.7,10.9,0.457,3,2,5.4,2.8,3.6,0.6,0.6,0.2,2,14.8,0.549,7.3,12.5,9.7,4.1,0.163
26.2,8,0.493,3.9,0,0.1,3.2,4.3,1.6,0.5,2.6,1.9,11.1,0.494,11.93196481,15.44281525,5.6,10.7,0.261
25.1,6,0.602,3.6,0,0.1,2.5,3.6,2.2,0.7,1.3,1.5,9.8,0.604,14.4,5.3,9.9,6.4,0.187
27.7,9,0.432,2.3,1.6,4,2.2,2.9,0.8,1.4,0.2,1.9,11.6,0.519,5.5,10.2,7.1,6.4,0.141
27.7,9.5,0.562,5.3,0,0.2,2.8,3.7,2.8,0.6,1.9,1.4,13.5,0.565,14.4,9.7,10.3,10.9,0.23
29.2,11.8,0.46,4.8,0.7,2.2,3.8,5,2,0.7,0.9,1.8,15.3,0.489,14,10.4,2.9,1.5,0.177
25,8.8,0.503,3.2,1.3,3.2,1.9,2.5,2.3,0.7,0.5,1.6,12,0.574,11.4,9.7,9.6,7.2,0.206
24.9,8.5,0.482,3.2,0.9,2.5,3.2,4,1.842602041,1.9,0.2,2,12.4,0.536,11.93196481,15.44281525,4.5,3.5,0.129
29.7,7.5,0.54,3.9,0.1,0.5,2.5,3.8,1.9,1.2,1.9,1.9,10.8,0.549,13.1,16.5,4,6.2,0.201
29.8,10.5,0.457,3.3,1.5,4.6,2,2.7,1.9,0.8,1.1,1.7,13.1,0.529,11.93196481,15.44281525,8.4,9.8,0.181
33,8.8,0.525,3.9,0.7,2.4,2.1,2.9,1.8,1,0.3,1,12,0.567,9.5,6.7,7,3,0.159
35.9,18.5,0.473,6.4,2.3,5.8,6,7.3,3,1.9,1.9,2.8,25.8,0.536,16.5,8.6,4.7,4.1,0.28
34.9,13.6,0.48,5.4,1.1,2.6,5.2,5.8,2,0.9,0.8,2.1,19.4,0.52,13.4,11,8.4,3.6,0.202
28.6,14.3,0.487,4.7,2.3,5.1,2.8,3.5,1.842602041,1.6,0.4,1.9,19,0.567,11.93196481,15.44281525,5,3.3,0.115
29.2,8.3,0.475,2.8,1.2,2.7,2.5,2.9,0.4,1.6,0.1,2.4,11.5,0.544,5.1,24.4,11,8.2,0.185
21,6.1,0.574,3.5,0,0,2.3,3.2,2.3,0.5,2.3,1.2,9.4,0.574,20.5,6.5,7.4,9,0.282
30.3,8.4,0.462,2.6,1.3,3.5,2.2,3.3,0.5,1.4,0.3,3,11.3,0.54,5.5,16.8,1.5,2.1,0.126
31.6,7.9,0.518,3.6,0.5,1.8,2.6,3.7,0.7,2.2,0.3,2.2,11.3,0.552,11.93196481,15.44281525,2.7,3.4,0.199
38.3,16.7,0.409,4.3,2.6,7.1,3.1,3.7,2.1,1,1.1,2.7,19.3,0.486,11.93196481,15.44281525,7.1,6.1,0.126
32.2,10.3,0.4,2.7,1.4,4.4,1.5,2.6,1.5,1.5,0.6,2.4,11.2,0.467,11,21.4,1.9,13.5,0.136
27.9,7.2,0.402,2.1,0.8,2.1,2.4,3,0.7,1,0.2,3.2,9,0.455,5.7,43.3,2.2,4.7,0.141
25.8,12.8,0.495,6.3,0,0,3.3,6.2,1.842602041,0.5,4.5,3.3,16,0.495,11.93196481,15.44281525,3.1,6.3,0.143
28.5,8.3,0.486,2.4,1.6,3.9,2.5,3.2,0.3,2.6,0.4,2.4,12.2,0.584,5.3,22.7,9.5,9,0.236
30,9.8,0.486,3.8,1,2.7,2.6,3.6,1.842602041,1.2,0.7,1.7,13.2,0.537,11.93196481,15.44281525,9.4,9.8,0.198
31.4,15.7,0.426,4.4,2.3,6.1,4,4.9,1.842602041,1.3,0.3,2.7,19.8,0.499,11.93196481,15.44281525,9.5,7.2,0.196
28.2,9.2,0.481,3.3,1.2,3.5,3.1,3.9,1.9,1.2,0.6,2.4,13.2,0.545,11.93196481,15.44281525,9.7,5.7,0.174
33.1,16.3,0.448,6,1.3,4.1,3.7,5.7,1.842602041,1.6,0.1,2.3,19.6,0.488,11.93196481,15.44281525,6,5.4,0.164
32.2,10.5,0.447,2.9,1.7,4.6,3.9,5.2,1.842602041,1.4,0.7,2.5,15,0.53,11.93196481,15.44281525,6,4.3,0.113
27.1,7.1,0.45,2.4,0.8,2.5,1.3,1.8,1.3,1.6,0.5,2.1,8.5,0.504,8.9,23.8,1.2,2.1,0.138
33.5,9.3,0.472,3,1.4,2.9,4.9,5.8,0.7,2.5,0.2,2.7,15,0.545,6.6,32.3,6.3,3.1,0.178
31.2,10.1,0.495,4.6,0.4,1.2,2,4.7,2.7,0.9,1,1.4,12.4,0.516,14.9,13,2.1,3.3,0.183
29.8,10.1,0.471,2.1,2.7,5.8,3,3.5,0.4,0.8,0.1,2,15.2,0.602,4.1,13.3,14.1,2.8,0.176
30.6,14,0.503,5.7,1.3,3.7,4.2,5.5,1.3,0.7,0.4,1.7,19.7,0.552,9.4,17.4,10.5,3.6,0.193
36.1,13.3,0.452,5.5,0.5,2.5,2.9,4.3,2.8,1.6,1.4,2.5,15.5,0.472,14,9.6,1.8,1.3,0.109
36.5,15,0.547,8.2,0,0.1,4,8.2,1.842602041,0.7,5.7,3.8,20.4,0.548,11.93196481,15.44281525,5,5,0.125
35.4,12.8,0.469,4.1,1.9,5,3.1,4,1.4,1.3,0.4,2.1,17,0.544,10,16.8,9.2,3.8,0.147
28.1,8.6,0.572,4.9,0,0.1,4,5.7,3.2,1.2,3,2.3,13.9,0.573,18.3,6.3,12.4,16.8,0.299
23.7,7.5,0.586,4.4,0,0.1,2.2,3.7,1.842602041,1.1,2.5,1.6,11,0.587,11.93196481,15.44281525,8.2,16.4,0.346
30.2,14.7,0.445,3.9,2.7,6.4,3.1,4,1.7,1.2,0.6,2.8,18.9,0.537,11.93196481,15.44281525,7.9,4.3,0.193
20.4,5.2,0.517,2.7,0,0,1,1.6,1.842602041,0.4,2.6,1.2,6.4,0.517,11.93196481,15.44281525,1.7,3.4,0.099
34.2,10.6,0.445,3,1.7,5,3.6,4.7,1.4,1.4,0.8,2.1,14.8,0.525,12.3,12.7,3.6,2.1,0.18
29.7,11.9,0.427,4.1,1,3.2,3.3,4.1,1.842602041,1.8,0.3,2.3,14.4,0.469,11.93196481,15.44281525,3,4.8,0.176
21.1,6.2,0.616,3.8,0,0,2.9,4.2,2,0.9,1.7,1.8,10.5,0.617,16.5,16,8.7,9,0.31
32.1,13.8,0.488,5.8,0.9,2.5,4.4,5.9,1.842602041,0.8,0.6,2.9,18.8,0.52,11.93196481,15.44281525,8.8,3.1,0.111
33.4,7.2,0.418,1.9,1.1,3.5,1.7,2.4,0.8,2.1,0.1,2.5,8.8,0.497,5.8,30,4.6,9.8,0.12
30.6,10.4,0.44,4,0.6,1.9,2.8,3.4,1.3,1.4,0.4,2.9,12.5,0.467,10.6,21.9,4.7,4.8,0.105
24.4,7.9,0.434,3.4,0,0,2.2,3.8,1.842602041,0.8,3.5,1.6,9.1,0.434,11.93196481,15.44281525,0.5,8.3,0.181
26.6,9.6,0.568,5.5,0,0,2.7,4.3,4.7,1.6,1,1.6,13.6,0.568,22.7,8.2,5.4,9.6,0.314
32.2,10.8,0.416,3.7,0.8,2.4,5.1,6.4,1.842602041,2.6,0.1,3.5,14.9,0.453,11.93196481,15.44281525,4.9,4.9,0.105
34,13.7,0.433,2.6,3.3,8.1,4.8,5.2,0.5,1.1,0.1,2.1,19.9,0.553,4.3,12.7,18.4,5.1,0.199
21.3,7.1,0.508,3.6,0,0,2.5,3.9,1.842602041,0.9,1,1.6,9.8,0.51,11.93196481,15.44281525,4.9,9.2,0.235
27.5,8.6,0.553,4.3,0.4,1.6,2.6,3.8,2.6,0.5,2.2,2,12.5,0.577,18.7,8.5,9.4,6.3,0.178
32,12,0.496,5.7,0.3,0.9,4.5,6.5,3.8,1.1,1.2,2.4,16.7,0.507,17.3,10.7,7.1,8.2,0.202
31.4,15,0.457,5,1.9,5.1,2.4,3.1,1.2,1.3,0.5,1.7,18,0.519,8,11.2,6,3.3,0.14
35.1,13,0.519,6.1,0.7,2,4.2,5.3,3.3,1.6,0.4,2.3,18.4,0.546,15.3,13.8,13.1,7.5,0.202
28,9.4,0.457,3.2,1.1,3.1,2.5,3,1,1.3,0.1,2,12.2,0.518,7.7,14,5.9,2.8,0.128
19.9,7.4,0.455,2.1,1.3,3.4,1.4,1.6,1.4,1.1,1.1,1.4,9.4,0.54,10.9,15.1,6.5,10.4,0.233
24,6.1,0.466,2.3,0.6,1.4,1.9,2.6,1.842602041,1.2,0.2,2.2,8.2,0.513,11.93196481,15.44281525,4.7,4.3,0.128
19.8,7.1,0.587,4.2,0,0,2.4,3.8,3.1,0.7,0.7,1.6,10.8,0.587,11.93196481,15.44281525,2.3,2.8,0.315
22.9,8,0.438,3.2,0.3,1.8,2.4,4.3,2.3,1.2,1,2.4,9.8,0.457,11.93196481,15.44281525,0.4,3,0.168
23.5,9.7,0.558,5.4,0,0.2,4.3,7.1,4.1,1,1.8,2.1,15.1,0.56,22.5,9.2,3.8,2.7,0.29
29.9,11.4,0.575,6.3,0.2,0.6,3.7,5.1,2.2,0.5,2,2.4,17.1,0.585,14.9,7.4,12.7,5.9,0.202
33,12.7,0.433,3.7,1.8,5,3.4,4.3,2.4,1.1,0.7,2.1,16.2,0.504,11.6,11.9,13.5,12.2,0.21
32.1,11.8,0.526,6,0.2,0.8,4,6,3,0.9,1.9,2.6,16.7,0.536,16.7,14.3,9.8,6.9,0.171
31,10.6,0.536,5.6,0.1,0.3,3.9,5.9,2.9,1,0.9,2.3,15.4,0.539,12.8,10.4,10.8,10,0.199
29.2,10.9,0.477,4.3,0.9,2.6,3.7,5.1,1.4,1.2,0.4,2.7,14.9,0.517,8.3,30.4,2.8,3.8,0.226
30.8,7.7,0.466,2.9,0.7,2.2,2.5,3.1,2,1.5,0.7,2.6,10.4,0.511,9.6,36.1,7.1,9.2,0.171
33.1,14.6,0.453,3.7,2.9,7.4,3.1,4.7,0.8,2.2,0.1,3.9,19.3,0.552,11.93196481,15.44281525,10.3,7.2,0.197
19.8,5.4,0.567,3,0,0.2,1.6,2.2,1.3,0.3,1.1,1.4,7.7,0.569,15.4,8.5,2.7,2.2,0.149
24.1,8.2,0.548,4.5,0,0,1.6,3.5,2.9,0.7,1.5,1.8,10.5,0.548,16.9,5.4,4.6,7.9,0.169
29.1,10.1,0.569,5.7,0,0.1,3.2,5.6,4.4,1.7,1.8,2.2,14.8,0.57,25.8,6,11.8,12.4,0.245
28.8,7.4,0.544,4,0,0.3,2.5,3.9,1.842602041,1.6,0.4,2.3,10.5,0.547,11.93196481,15.44281525,2.4,3.4,0.12
27.9,7.8,0.477,2.6,1.1,3.2,1.7,2.8,1.9,0.9,0.3,1.6,10.2,0.546,13,19.1,8.4,7.2,0.157
25.5,8.2,0.439,2.2,1.4,3.6,4.1,5,0.6,0.6,0.1,1.7,12.7,0.526,6.4,11.2,10,3,0.159
32.9,12,0.471,4.6,1.1,3.6,2.7,3.7,1.7,1.5,0.6,2.3,15.2,0.517,11.9,18.4,5.9,4.2,0.176
28.1,10.5,0.448,2.9,1.8,5,3.2,3.7,1.2,1.5,1.4,2.4,14.4,0.535,7.6,28.9,8.4,9.6,0.261
31.2,11.4,0.419,2.8,2,5.6,2.6,3.4,0.8,1.1,0.1,2.2,14.1,0.507,8.3,25.4,7.9,5.9,0.164
36.4,17.5,0.453,6.3,1.6,4.7,4.8,6.8,2.9,1.6,0.9,2.2,22.2,0.498,14,11.9,2.7,3.1,0.183
25.3,11.7,0.501,5.8,0,0.1,3.3,5.1,1.842602041,0.8,3.7,2,15.1,0.501,11.93196481,15.44281525,2.2,5.9,0.139
29.4,8.6,0.513,4,0.4,1.5,2.9,4.2,1.842602041,1.9,0.5,2.8,12.1,0.538,11.93196481,15.44281525,10.3,12.5,0.21
35,11.9,0.506,4.6,1.5,3.9,5.4,7.2,1.3,1.9,0.4,3,19,0.568,10.3,27,10,3.8,0.23
29.8,10.8,0.461,4.1,0.9,2.3,2.8,3.8,1.9,1.3,1.7,2.2,13.6,0.501,10.8,12.6,3.2,5.9,0.191
25.6,9.8,0.474,3.8,0.8,2.6,2.4,3.4,1.842602041,2,0.6,2.5,12.5,0.517,11.93196481,15.44281525,6.7,8,0.175
35.7,13.3,0.45,4.2,1.8,5,3.1,4,0.6,1.3,0.5,2.5,16.9,0.519,6.1,33.2,9.7,3.2,0.197
32.7,10.9,0.603,6.4,0.2,0.5,3.2,4.7,3.5,0.7,1.6,2.7,16.6,0.612,24.2,18.2,9.4,7.7,0.307
15.8,3.5,0.557,1.9,0,0,0.9,1.5,1.8,0.5,0.6,1,4.8,0.559,17.3,3.9,4.1,5,0.17
23.4,8.5,0.484,3,1.1,2.8,2.3,3.1,1.842602041,0.9,0.3,1.5,11.6,0.547,11.93196481,15.44281525,10,8.2,0.257
30.8,14.3,0.443,5.1,1.3,3.3,4,5.6,2.7,0.7,0.1,1.6,17.9,0.487,9.6,5.8,2.9,0.8,0.149
29.3,13.6,0.43,4.3,1.5,4.4,3.1,4.3,2,0.9,0.4,1.9,16.3,0.487,9.7,8.4,5.6,3.8,0.17
32.5,9.2,0.498,3.7,0.9,2.4,2.8,3.8,1.9,1.5,0.9,1.3,12.8,0.545,14.2,14.9,6.8,5.3,0.231
27.9,9.6,0.548,5.1,0.1,0.3,4.1,5.5,2.6,0.5,1.7,3.1,14.7,0.553,15.5,17.8,8.1,2.4,0.172
29.6,10,0.436,2.8,1.5,4.1,3.6,4.1,0.8,1,0.4,2.2,13.8,0.513,11.93196481,15.44281525,6.4,3.6,0.152
13,5.1,0.487,2.4,0.1,0.3,1.4,2.1,1.842602041,0.6,0.8,1.1,6.5,0.499,11.93196481,15.44281525,1.9,3.7,0.151
33,11.9,0.462,4.3,1.2,3.4,3.6,5.4,1.7,2.4,0.5,2.3,15.7,0.511,8.8,21.5,6.2,7.4,0.184
31.8,12.2,0.47,3.4,2.3,5.5,4.3,5.6,1.1,0.5,0.1,2,18.1,0.566,6.9,20.8,11.3,3.8,0.2
22,7.3,0.444,2.5,0.8,2,2.1,2.9,1.842602041,0.6,0.4,1.5,9.3,0.496,11.93196481,15.44281525,3.8,4.1,0.126
32.8,10.4,0.455,3,1.8,4.4,2,2.6,0.9,0.6,0.3,1.3,13.3,0.539,8,12.6,5.8,2,0.142
29.9,10.5,0.602,6.1,0.2,0.7,5.6,7.9,3,1,0.8,2.9,18.4,0.61,14.7,10.6,9.8,4.3,0.293
32.8,12.6,0.46,3.5,2.2,5.9,4.2,5.2,1.9,1.1,0.6,2.1,17.9,0.549,9,11,11.6,4.4,0.193
32.6,9.3,0.414,2.7,1.1,2.9,3.6,4.8,1.842602041,1.6,0.1,2.4,12.4,0.474,11.93196481,15.44281525,2.1,2.1,0.046
26.2,12.2,0.43,3.1,2.1,5.6,1.9,2.7,1.5,0.8,0.5,1.8,14.5,0.516,11.7,14.2,5.5,3.9,0.205
25,7.2,0.462,3,0.3,1.1,1.8,3.2,1.7,0.6,1.9,2.4,8.7,0.481,12.7,10.5,1.4,6.8,0.153
29,13.6,0.455,5.3,0.9,3.4,3.7,5.2,1.3,2.1,0.8,3.6,17.1,0.489,10.2,30,2.4,4.8,0.268
32,8.4,0.623,5.2,0.1,0.5,3.6,5.1,3,1.4,4.7,1,14.2,0.628,19,7.5,5.9,4.1,0.31
28.9,11.7,0.532,6.2,0,0.1,2.4,3.2,2,0.5,1.7,2.5,14.9,0.533,13.2,14,2,2.4,0.198
29.2,6,0.637,3.8,0,0,2.3,4,3.2,0.3,2.2,1.9,10,0.637,11.93196481,15.44281525,10.6,8.8,0.231
25.7,6.6,0.586,3.9,0,0,2.5,4.1,2.3,0.9,1.7,1.6,10.3,0.586,17,11.6,7,10,0.244
31.5,9.3,0.527,4.1,0.8,2.3,4.7,5.9,1.842602041,2.3,0.7,2.7,15.3,0.568,17.1,9.5,11,8.1,0.252
32.5,11,0.577,6.4,0,0,3,4.6,2.9,0.8,2.9,2.4,15.7,0.578,11.93196481,15.44281525,11.3,9.8,0.209
34.9,13.2,0.482,5.3,1,3.1,3.9,5.7,1.842602041,0.8,1.5,3.4,17.6,0.521,11.93196481,15.44281525,2.9,2.9,0.206
31.3,13.1,0.399,3.6,1.6,4.9,3,3.8,1.4,1.5,0.4,2.9,15,0.461,8.6,23.2,4.7,8.5,0.129
23.6,9.3,0.44,2.9,1.2,3.6,3.2,3.8,1.842602041,0.9,0.6,1.9,12.6,0.505,12.5,9.1,6.2,4.3,0.146
29.3,12.4,0.455,4,1.7,4.4,2.6,3.3,1,1.2,0.2,2.2,15.5,0.523,7.9,19.5,5.1,3,0.172
33.1,8.6,0.567,4.4,0.4,1.1,3.7,5.1,1.842602041,0.8,0.3,2.2,13.9,0.592,11.93196481,15.44281525,2.8,1,0.043
23.7,10.8,0.474,3,2.1,5.4,1.8,2.6,1.842602041,1.5,0.3,1.5,14.2,0.572,11.93196481,15.44281525,4,2.4,0.082
30.4,10.8,0.467,4.5,0.6,1.7,3.4,5.3,2.5,1.2,1.8,1.8,14,0.493,15.1,9.5,6.2,5.5,0.204
31.8,18,0.41,5.5,1.8,5.8,4.6,6.4,0.5,1.2,0.6,2.9,21.2,0.461,11.93196481,15.44281525,1.7,2.4,0.143
33.4,14.5,0.425,4.1,2,5.5,2.2,2.7,1.842602041,2.1,0.2,2.1,16.5,0.495,11.93196481,15.44281525,6.7,5,0.113
32.1,11,0.482,3.8,1.6,4.5,1.9,2.4,1.1,1,0.6,1.6,14.1,0.553,8.2,11.2,6.9,2.9,0.164
28.2,10.8,0.44,4.3,0.5,2.1,2.3,3.5,1.9,0.9,0.2,2.4,12.3,0.462,10.6,19.1,1.4,1.3,0.116
26.7,8.6,0.467,3.5,0.5,1.8,2,3.2,2.1,0.9,1.2,2.1,10.6,0.498,16.1,9.7,3.6,9.8,0.193
28,5.9,0.53,3.1,0,0.1,3.2,5.6,1.842602041,1.2,2.1,2.2,9.4,0.53,11.93196481,15.44281525,5.9,14.3,0.241
34.5,8.9,0.45,3,1,3,2.2,3.3,1.3,1.8,0.4,3.5,11.2,0.508,11.93196481,15.44281525,5.8,6.2,0.131
31,11.5,0.53,5.8,0.3,0.7,4.9,6.7,3.3,1.1,0.8,1.8,17.3,0.541,19.5,8,10.3,5.9,0.282
33,13.1,0.484,4.5,1.8,4.7,4.2,5,2.7,0.5,0.5,1.8,18.7,0.554,17.9,9.7,7.5,2.7,0.188
32.3,8.4,0.478,3.1,0.9,2.6,3.6,4.5,0.4,1.8,0.1,3.3,12.5,0.532,7.6,26.2,8.1,6.1,0.175
31.6,10.1,0.428,3,1.3,3.9,3.6,4.6,2.6,1.3,0.2,2.5,13.6,0.493,11.93196481,15.44281525,5.9,5.2,0.151
21.9,8.7,0.541,4.7,0,0.2,1.8,2.7,2.2,0.7,1.4,1.6,11.3,0.543,13.6,4.7,4.1,6.5,0.247
31.7,10.1,0.537,4.9,0.5,1.5,4.3,5.9,1.842602041,0.9,1.9,2.9,15.7,0.563,11.93196481,15.44281525,13.3,10,0.235
28.9,9.6,0.526,5,0,0,3.3,4.7,3.1,1.3,0.3,2.2,13.4,0.528,15.7,13.8,6.1,7.6,0.218
26.2,9.6,0.511,4.8,0.1,0.3,4.4,5.3,2.1,1.1,0.7,2.8,14.3,0.516,11.93196481,15.44281525,11.3,8,0.227
27.8,10.5,0.483,4.2,0.9,2.4,2.9,4,2.9,1.7,1.1,2.2,13.9,0.524,14,13.4,8.1,10.9,0.215
37.5,14.4,0.399,4.3,1.5,5,2.4,3.9,1.2,2.3,0.2,2,15.4,0.45,6.9,22.6,1.4,11.8,0.113
32.3,12.7,0.423,4.1,1.3,3.9,3.3,4.7,1.842602041,2.3,0.3,3.2,15.3,0.474,11.93196481,15.44281525,5.1,5.4,0.127
31.6,10.3,0.485,4.7,0.3,1.1,3.9,6.5,1.5,2,0.5,3.4,14.3,0.5,9.2,32,6.1,4.9,0.139
32.5,17.5,0.44,5.9,1.8,5.8,5.8,8.5,1.842602041,3.2,0.3,4.1,23,0.492,11.93196481,15.44281525,5.1,3.5,0.158
25.9,6.4,0.578,3.7,0,0,1.9,3.4,3.1,0.5,2.2,1.3,9.3,0.578,13.4,4.6,5.1,9.1,0.213
32.2,8.2,0.534,4.2,0.1,0.5,1.6,2.4,3,0.5,1.6,1.4,10.5,0.542,16.5,14.3,9.5,9.7,0.176
29.1,11,0.483,3.5,1.9,4.7,2.4,3,1.842602041,2.1,0.3,2.7,14.9,0.567,11.93196481,15.44281525,4.3,1.3,0.137
30.1,14.7,0.447,4.8,1.8,4.7,2.9,3.9,1.842602041,1.7,0.5,2,17.9,0.508,11.93196481,15.44281525,9,7.4,0.2
27.8,10.4,0.416,3,1.3,4.3,3.2,4,1.7,1.4,1.4,2.3,13.2,0.48,11.93196481,15.44281525,1.7,3.7,0.213
30.7,11.2,0.449,3.9,1.1,3,3.9,4.9,0.5,1.3,0.2,2.4,15,0.498,6.4,36.3,9.8,7.9,0.177
37.4,14.3,0.457,4.1,2.4,6.6,3.4,4.6,1.842602041,1.8,0.1,3.2,18.9,0.543,11.93196481,15.44281525,3.5,0.8,0.127
20.1,5.2,0.617,3.2,0,0,1.5,3.4,1.9,0.2,1.3,1.6,7.9,0.617,11.93196481,15.44281525,1.6,2.8,0.249
36.5,12.2,0.46,4.2,1.4,4.2,4,5.1,0.6,1.5,0.2,3.1,16.6,0.516,4.1,26.8,5.9,2.7,0.129
30.3,12.2,0.466,4.5,1.2,2.9,2.4,3.2,2.2,1.7,0.5,2.5,15,0.515,11.93196481,15.44281525,3.3,4,0.182
32.1,13,0.412,3.3,2.1,5.5,2.6,4,1.4,1.1,0.6,2.3,15.4,0.492,7.8,16.4,3.8,4.6,0.121
24.6,6.8,0.586,4,0,0,1.9,3.2,2.2,0.2,2,1.6,9.9,0.586,11.93196481,15.44281525,3.8,4,0.203
22.2,7.8,0.491,3.7,0.2,0.4,3.5,4.5,1.842602041,0.5,0.9,1.5,11.4,0.501,11.93196481,15.44281525,7.9,7.5,0.168
32.6,9.8,0.543,5.2,0.1,0.5,3.7,5.5,2.1,1.5,1.5,2.9,14.5,0.55,15.5,20.7,6,4.5,0.198
31.5,17.5,0.532,8.2,1.1,2.9,6.5,8.5,4,1.3,1.6,2.9,26.2,0.563,21.3,9.3,5.4,5.4,0.413
30.8,13.3,0.426,4.4,1.3,4.1,4.1,6,2.3,0.9,0.8,3.1,16.7,0.473,8.9,12.2,3.9,6,0.153
23,8.5,0.547,3.7,1,2.6,2,2.8,1.842602041,1.1,0.8,1.3,12.3,0.603,11.93196481,15.44281525,9,5.8,0.199
27.2,7,0.472,3.2,0.1,0.4,1.6,2.5,2.5,0.8,2.8,1.5,8.4,0.481,13.4,10.9,3.7,7.1,0.154
31.2,13.6,0.464,4.4,1.9,4.8,3.1,3.7,1.7,1.9,0.6,2.5,17.6,0.535,10.4,15.1,11.1,7.5,0.189
28.7,11.3,0.413,3.9,0.8,2.8,4.3,6.1,2.5,0.6,0.3,2.4,14.4,0.448,14.1,13.3,1.8,2,0.109
26.6,9,0.56,4.9,0.2,0.7,3.1,5.1,1.842602041,1.3,2.6,2.5,13.4,0.569,11.93196481,15.44281525,4.1,5.1,0.275
30.1,8,0.42,2,1.3,3.5,4.9,5.9,0.5,1.1,0.3,1.8,13,0.504,6.7,18.9,8.4,3.9,0.19
31.4,10.4,0.497,5.1,0.1,0.3,4.2,6.1,1.842602041,0.4,2.8,2.4,14.6,0.501,11.93196481,15.44281525,6.3,9.3,0.251
33.1,17.1,0.472,6.4,1.7,5.2,6.5,8.1,1.1,2.3,0.3,3.5,24.4,0.52,8.9,30.7,7.2,1.1,0.17
30.5,12.1,0.466,4.1,1.5,4.2,3,4,0.8,1.9,0.2,2.7,15.8,0.53,11.93196481,15.44281525,5.4,4.3,0.183
28.6,10.2,0.438,3.3,1.2,3.6,2.2,2.8,1.9,0.9,1.1,1.7,12.3,0.497,13.4,12.8,3.9,7.2,0.182
26.7,9.2,0.483,3.3,1.2,3.5,3.1,4.4,1.842602041,1.2,0.3,2.2,13.3,0.547,11.93196481,15.44281525,5,3.4,0.194
31.7,9.4,0.422,2.3,1.6,4.3,1.5,2.1,0.4,1.1,0.2,2.4,11,0.508,6.3,33.5,4.4,6.3,0.133
27.1,10.5,0.467,4.8,0.1,0.3,2.8,4.6,3,0.5,0.8,2.9,12.7,0.47,16,10.2,1.9,3.9,0.094
26.1,8.8,0.527,4.1,0.6,1.5,3.1,3.9,1.6,0.8,0.3,2.2,13,0.559,12.8,13.5,11,5.1,0.193
27.8,11.2,0.513,5.7,0,0.1,4.3,6,3.5,1.3,1.2,2.4,15.8,0.513,19.7,10.1,5.2,7,0.229
29.7,8.8,0.493,2.7,1.7,3.9,2,2.6,0.9,1.5,0.4,2.7,12.4,0.587,5.6,25.3,11.5,8.5,0.191
27.4,10.4,0.567,5.7,0.2,0.7,3.1,4.5,2.9,1.4,0.6,2.9,15.1,0.575,21.7,11,6.1,4.6,0.251
31.8,9.7,0.59,5.7,0,0,2.4,4.3,3.4,0.9,4.3,2,13.8,0.59,17.5,4.6,8.2,14.1,0.272
30.2,10.6,0.492,3.8,1.4,4.1,2.7,4,2.1,1.9,0.9,1,14.6,0.56,14.5,12.5,7.8,4.8,0.233
19.3,5.4,0.46,1.7,0.8,2.1,1.7,2.2,1.1,0.6,1.1,0.8,7.5,0.535,11.1,9,7.2,4.5,0.191
25.4,7.5,0.473,1.9,1.6,4.3,1.4,1.9,0.7,1.2,0.2,1.5,10.1,0.582,7.6,18.7,8.8,6.3,0.186
30.2,8.4,0.58,4.8,0,0.1,2.9,3.8,2.7,0.5,1,1.8,12.6,0.58,16.1,6.7,12,7.2,0.201
32.9,12.2,0.428,4.1,1.1,3.5,4.5,5.8,1,1.7,0.3,2.3,16.1,0.475,7.3,26.6,11.5,6.4,0.196
24.4,10.1,0.453,2.9,1.7,4.6,1.4,1.8,1.1,0.9,0.7,1.4,12.3,0.536,10.6,9.4,4.7,2.7,0.176
33.2,11.8,0.433,3.4,1.7,4.7,3.6,5.4,0.6,1,0,2.3,15.5,0.505,6,13,2.4,1,0.124
30.5,9.4,0.439,3,1.1,3.1,3,4.1,0.8,1,0.8,1.8,12.4,0.497,8.4,16.2,8,6.3,0.14
27.7,10.9,0.436,2.6,2.2,5.7,3.7,4.1,0.7,1.1,0.1,1.8,15.4,0.536,6,11.9,7.8,2.1,0.176
35.1,12.8,0.449,2.7,3,6.9,3.2,3.8,1.842602041,1.5,0.1,2.6,17.7,0.567,11.93196481,15.44281525,12.1,3.9,0.138
26.7,7.1,0.449,2.9,0.2,0.7,2.9,4,1.4,1.9,0.2,1.9,9.5,0.465,8.3,25.9,2.1,4.4,0.171
32.6,12.7,0.446,4.2,1.5,4.1,3.2,4,1.842602041,1.6,0.1,3.3,15.9,0.504,11.93196481,15.44281525,7.2,3.4,0.105
22.8,5,0.502,2.3,0.2,0.6,1.4,2.4,1.842602041,0.6,0.4,1.3,6.6,0.521,11.93196481,15.44281525,0.9,2.1,0.048
34.3,12.2,0.495,5,1,3.1,5,6.8,0.8,2.5,0.2,3.6,18.1,0.537,5.7,26.1,6.4,2.4,0.164
23.4,5.5,0.571,3.1,0,0,1,2.2,2.8,0.7,2,1.1,7.2,0.571,18,5.4,1.6,1.9,0.185
29.4,11.1,0.435,3.8,1,3.1,3.5,4.2,0.6,1.5,0.1,2,14.1,0.48,6.4,26,10.5,6.4,0.165
33.1,9.2,0.47,2.6,1.7,4.6,4.1,4.9,1.7,1.3,0.9,2,14.4,0.562,14.1,12.9,7.9,6.3,0.249
16.6,6.2,0.52,3.2,0,0,1.5,2.6,1.8,0.5,1,1,7.9,0.52,15.1,11.1,1.9,3.6,0.19
30.1,10.9,0.43,2.3,2.3,5.8,3.3,3.8,1.842602041,1.3,0.1,3.1,14.9,0.537,11.93196481,15.44281525,2.8,1.6,0.052
27.6,8.6,0.507,4.3,0,0.1,3.4,5.2,2.8,0.7,1.9,1.5,12.1,0.508,13.2,7.4,6.7,15.7,0.251
21.7,7.4,0.503,2.9,0.8,2.1,1.4,2.1,1.8,0.8,0.5,1.1,9.6,0.558,11.93196481,15.44281525,3.7,5,0.229
19.7,8.1,0.445,2.2,1.4,3.3,1.2,1.7,0.7,0.7,0.3,1.4,9.8,0.53,11.93196481,15.44281525,1.6,1.9,0.18
29.8,9.6,0.495,4,0.7,2.2,2.5,3.2,2.5,1.2,1.9,2.2,12.7,0.534,11.93196481,15.44281525,9.1,12,0.238
28.8,10.1,0.475,3.1,1.7,4.6,1.9,2.7,1.5,1.6,0.5,1.9,13.2,0.56,11.93196481,15.44281525,7,7.9,0.198
25.6,8.8,0.459,2.7,1.4,3.5,1.8,2.6,1.842602041,1.1,0,2,11.3,0.538,5.8,26.1,2.4,0.9,0.051
27.2,7.1,0.524,3.7,0,0,2.2,3.2,2.5,1.2,0.8,1.8,9.6,0.524,12,6.6,6.2,10.5,0.177
18.1,8,0.388,1.3,1.8,5.1,2,2.5,1.3,0.8,0.3,0.9,10,0.5,9.7,10.5,4.3,2,0.195
28.7,10.3,0.534,5.5,0,0,2.8,4.6,3.7,0.8,0.1,2.1,13.8,0.534,18.1,6.4,7.5,8.7,0.172
31.1,11.9,0.476,4.6,1.1,3,2.6,3.7,2.2,1.3,1.1,2.2,15.1,0.522,12.6,11.8,2.4,3.2,0.195
24.6,8.2,0.439,1.7,1.9,4.9,0.9,1.2,1.6,0.9,0.2,0.9,9.9,0.555,10.8,12.1,6.8,4,0.176
28,9.9,0.465,3.4,1.2,3.5,2.3,3,1.4,0.8,0.5,2.1,12.7,0.527,9.2,26.8,7.9,2.9,0.156
21.7,6,0.504,3,0,0,3.3,4.5,1.8,0.5,1.4,1.6,9.3,0.504,13.7,6.1,7.1,5.9,0.176
32.3,11.4,0.456,3.1,2.1,5.3,2.9,3.9,1.842602041,2.3,0.2,2.6,15.4,0.548,11.93196481,15.44281525,5.7,4.4,0.181
29.6,10.8,0.406,3.2,1.2,3.7,2.6,3.5,1.842602041,1.6,0.1,3.8,12.5,0.459,11.93196481,15.44281525,4.7,8.2,0.128
30,11.4,0.461,4.3,1,2.8,2.9,3.8,1.1,0.9,0.3,2,14.3,0.503,8.4,15.7,7.8,6,0.149
32.6,11.2,0.45,4.5,0.6,1.7,3.8,5.8,2.4,1.2,1.3,2.9,14.4,0.475,11.93196481,15.44281525,3,6,0.156
33.6,13,0.425,3.8,1.7,5.1,3.2,3.9,1,1.4,0.3,3.3,16,0.49,7.6,32.7,9.5,7.9,0.153
26.8,9.9,0.498,4.5,0.4,1.4,2.6,4.1,1.842602041,1.8,0.3,2.9,12.9,0.518,11.93196481,15.44281525,2.7,2.3,0.063
33.9,15,0.412,4.2,1.9,5.9,2.4,3,1.842602041,1.1,0.9,3.1,16.6,0.476,11.93196481,15.44281525,0.7,0.2,0.065
35.2,12.4,0.577,7.1,0.1,0.2,4.2,6.8,5.5,1.3,2,2.4,18.6,0.579,19.3,5.6,10.9,13.7,0.304
28.5,10.8,0.497,5.3,0.1,0.2,2.1,3.2,1.842602041,0.6,0.9,2,12.9,0.499,11.93196481,15.44281525,3.5,4.7,0.117
26.1,9.4,0.54,4.4,0.7,1.8,3.3,4.6,1.2,1,0.4,2,14.2,0.575,7.4,13.2,10,7.4,0.245
21.9,4.8,0.407,1.3,0.6,1.9,1.3,2,0.5,0.9,0.5,1.5,5.8,0.472,7.6,17,2.5,3.8,0.114
31.1,8.2,0.491,3.7,0.3,1.3,3.6,4.8,2.6,1,0.9,2.2,11.9,0.511,14,10.8,3.4,2.6,0.192
20.2,3.5,0.575,2,0,0,1.7,2.9,1.6,0.2,0.9,1.4,5.7,0.577,12.9,3,4,4,0.139
27.3,9.5,0.503,4.4,0.4,1.2,3.1,4.1,2.4,0.8,0.3,1.9,13.1,0.524,11.6,11.5,9.7,6.7,0.176
25.3,9.7,0.458,3.8,0.7,2,2.7,3.9,1.2,1,0.7,1.9,12.3,0.493,9.5,14.5,4.3,6.7,0.17
34.4,14.4,0.424,3.6,2.5,6.3,3.2,3.9,0.9,1.3,0.8,2.9,17.9,0.509,8.7,20.3,7.9,5.5,0.159
32.8,10.6,0.502,4.8,0.5,1.5,3.8,5,1.5,1.6,0.7,3.5,15,0.527,14.1,31.4,9.3,6.8,0.194
27.5,9.5,0.529,3.4,1.6,3.5,5.8,6.5,0.5,1.5,0.5,2.5,17.5,0.615,6.7,29.8,1.8,0.6,0.32
27.7,8.3,0.509,3.8,0.4,1.4,2.2,2.9,2.4,0.5,1.1,1.5,11.1,0.535,17.7,10.1,6.5,5.5,0.199
25.9,8.7,0.631,5.5,0,0,3.9,5.3,2.7,1,0.7,1.6,14.9,0.631,11.93196481,15.44281525,11.4,7.6,0.29
23.5,5,0.639,3.1,0.1,0.2,1.5,2.2,2.4,0.6,1.7,1,7.9,0.648,14.4,4.3,9,8.8,0.226
34.2,9.5,0.54,4.8,0.3,0.8,4.6,5.8,2.6,0.8,1.8,1.8,15.1,0.555,16.1,5.5,6.2,3.9,0.198
33.9,10.1,0.393,2.9,1.1,3.2,2.4,3.3,1.842602041,2.5,0.1,3.2,11.4,0.445,11.93196481,15.44281525,3.1,8.5,0.118
31.2,11,0.473,3.8,1.3,3.7,1.6,2.1,1.6,1.3,0.3,2.7,13.3,0.534,8.7,15.7,4.2,3.2,0.138
26.5,7.2,0.523,3.2,0.5,1.1,3.2,4.5,2.4,0.9,1.4,2.1,11.3,0.56,19.4,4.9,1.6,2,0.182
32.3,12.7,0.44,3.8,1.7,4.6,2.4,3.3,1.1,1.2,0.4,2.1,15.3,0.508,8,20.2,9.9,9.4,0.171
21,10.4,0.449,4.3,0.4,1.5,1.9,2.9,1.842602041,1.3,0.5,2.1,11.7,0.467,11.93196481,15.44281525,0.9,3.8,0.131
26.1,13,0.491,5,1.3,4.4,3.4,4.9,1.842602041,1.5,0.6,3.4,17.5,0.543,11.93196481,15.44281525,4.6,1.6,0.096
27.1,11.8,0.508,5.4,0.6,1.7,1.8,2.7,2.6,0.4,1.8,1.5,14.4,0.533,11.93196481,15.44281525,2.3,2.9,0.211
33.3,11.6,0.425,3,1.9,5.5,2.6,3.6,0.6,0.7,0.3,1.7,14.3,0.507,7.9,13.1,8,4.3,0.138
29.2,9.6,0.586,5,0.7,1.3,5.9,8.2,2.5,0.8,0.7,2.3,17.8,0.621,16.1,7.7,9.2,3,0.242
23.4,10.4,0.477,4.4,0.6,1.7,3.2,4.4,1.842602041,1,0.6,2.2,13.6,0.504,11.93196481,15.44281525,4.8,2.6,0.144
28,12.7,0.48,6.1,0.1,0.4,3.7,4.9,2.3,0.5,1.9,2.1,16,0.482,14.6,9.7,2.9,5,0.213
27,8.4,0.456,1,2.8,6.1,1.9,2.1,1,0.5,0.1,1.1,12.4,0.622,9.1,8,13.1,3.2,0.191
24.3,6.9,0.511,3.5,0,0,1.9,3.1,2.6,0.3,2.3,1.6,9,0.512,13.3,6.6,2.2,6,0.201
32.1,14.1,0.432,3.5,2.6,6.8,2.9,3.6,0.7,1.3,0.7,2.2,17.8,0.526,5.7,21.5,8.7,4.6,0.175
29.1,12.7,0.392,2.7,2.3,6.2,3,4.1,0.6,1.2,0.4,3.4,15.2,0.482,11.93196481,15.44281525,4.5,2.8,0.107
26.3,8.8,0.608,5.4,0,0,4.3,6,2.7,0.5,2.2,3.1,15.1,0.608,21.2,8.1,9.2,3.1,0.226
20.5,3.5,0.577,2,0,0,1.5,2.4,1.6,0.6,2.8,1.2,5.5,0.577,12.2,6.9,2.2,5.4,0.216
34.8,11.5,0.551,6.3,0,0,3.4,5.3,1.842602041,1,2,2,16,0.551,11.93196481,15.44281525,2.7,3.7,0.116
27.6,11.9,0.415,2.8,2.2,6,2.2,3.1,1.5,1,1,1.4,14.3,0.506,11.6,8.9,6.8,9.6,0.179
34.5,14.2,0.415,4.6,1.3,4.4,3.9,5.9,1.842602041,1.2,0.6,3.3,16.9,0.461,11.93196481,15.44281525,2.8,4.5,0.052
33.1,13.5,0.45,4.8,1.2,3.6,5.1,6.4,0.9,1.5,0.2,2.2,18.5,0.497,8.8,33.9,19.1,4.7,0.226
36,13.1,0.465,4.4,1.7,4.7,4.1,5.4,1.842602041,1.4,0.2,2.7,17.9,0.53,11.93196481,15.44281525,10,4.6,0.111
23.1,6.1,0.626,3.8,0,0.2,3.5,5.1,2.3,0.9,2.6,2.4,11.2,0.629,20.5,11.5,1.8,1.7,0.213
35.1,10.7,0.577,6,0.1,0.4,4.1,5.9,1.842602041,0.5,3.8,2.6,16.5,0.584,11.93196481,15.44281525,9.8,8.4,0.162
35.1,11.9,0.571,6.3,0.5,1.2,7.4,9.4,3.4,0.4,1.7,3.4,21.4,0.59,14.6,9.3,15,5.5,0.257
28.9,10.1,0.451,2.1,2.5,5.9,2.8,3.3,1.842602041,0.9,0.2,1.5,14.5,0.575,4.8,11,11.5,5.1,0.16
24.8,6.8,0.587,4,0,0,3,5,1.842602041,0.4,0.6,1.3,10.9,0.587,11.93196481,15.44281525,7.6,8.5,0.248
24.9,6.5,0.448,1.8,1.2,3,1.2,1.5,1,0.8,0.7,1.4,8.2,0.537,7.3,13.2,8.1,5.9,0.147
20.2,7.6,0.455,1.7,1.7,4.3,2.2,2.6,1.842602041,0.7,0,1.8,10.8,0.57,11.93196481,15.44281525,9.9,3.5,0.14
27.5,10.1,0.512,4.7,0.5,1.5,3.5,4.5,1.8,1,0.5,2.1,14.3,0.537,10.5,20.1,7.8,5.5,0.188
32.9,15.7,0.439,5,2,5.2,5.5,6.7,1.5,2.1,0.5,2.4,21.3,0.501,11,20.1,13.9,6.6,0.224
34.2,12.9,0.442,3.8,1.8,4.9,3.6,4.4,0.8,1.8,0.3,2.6,16.8,0.513,5.8,19.3,10.6,4.7,0.137
23.6,8.4,0.463,3.1,0.8,2.3,2.3,3.3,1.6,0.9,0.4,1.5,10.8,0.511,12.6,15.4,6.4,5.4,0.155
12.8,6.4,0.553,3.6,0,0,1.5,2.6,1.842602041,0.8,1.4,1.4,8.7,0.553,11.93196481,15.44281525,3.9,7.9,0.299
24.4,9.3,0.553,5.1,0,0,3.1,5.2,2.5,0.9,1.6,1.6,13.5,0.554,14.6,5,9,10.9,0.236
24.7,6.1,0.409,1.5,0.9,3,1.1,1.6,0.9,2,0.3,2.1,7,0.486,10.1,21.5,2.3,5.9,0.128
26.9,11.6,0.565,6.6,0,0,5.7,7.7,1.842602041,0.9,0.4,2.6,18.8,0.565,18.8,10.7,10.3,5.9,0.239
21.1,8.3,0.479,3.4,0.6,1.5,2.1,3,1.842602041,0.9,0.7,1.3,10.7,0.515,11.93196481,15.44281525,5.2,5.9,0.099
35.8,14.9,0.418,3.7,2.6,7.5,2.7,3.8,1.7,1.3,1.6,2.6,17.7,0.505,10.8,10.6,1.9,2,0.124
31.4,10.2,0.416,1.9,2.4,5.7,3.2,3.8,0.5,1.3,0.1,1.9,14.1,0.532,6.1,38.6,10.6,5.4,0.17
30.9,11.5,0.618,7.1,0,0.1,4.5,7.7,3.6,1.1,1,2.8,18.8,0.62,21.8,16.4,8.9,6.3,0.29
31.8,15.5,0.462,4.9,2.2,6.4,6.8,8,0.9,1.7,0.4,2.9,23.3,0.533,7.9,10.2,11.2,2.6,0.218
20.2,7.7,0.507,3.9,0,0,2.3,3.8,1.842602041,0.7,0.8,1.6,10.1,0.507,11.93196481,15.44281525,1.3,2.7,0.216
31,9,0.493,3,1.5,4.1,2.8,3.6,1.6,1.7,1,2.5,13.2,0.574,10.4,15.6,5.6,3.3,0.172
28,8.1,0.461,2.8,1,2.7,3.5,4.6,1.842602041,2,0.3,1.9,12,0.521,11.93196481,15.44281525,9.4,7.6,0.184
25.9,7.8,0.608,4.7,0,0,2.8,4.3,2.8,1,3.1,1.8,12.3,0.61,19.7,10.4,2.9,4.3,0.351
28.3,8.6,0.507,4.4,0,0.1,2.5,3.6,1.842602041,0.6,3.8,2.1,11.3,0.508,11.93196481,15.44281525,5.8,7.8,0.174
30.2,8.9,0.586,5.2,0,0,3,4.7,3.4,1.3,1.8,1.6,13.5,0.586,15.3,4.3,4.7,6.5,0.28
31.5,14.3,0.55,6,1.9,4.1,4.1,4.9,1.9,0.2,0.1,2.2,21.7,0.616,14.8,10.4,21.6,5.2,0.235
33.9,9.7,0.423,2.4,1.7,4.6,2.6,3.5,0.7,1.9,0.3,3.6,12.5,0.512,6.7,35.1,5.6,5.7,0.132
29.8,10.7,0.452,4,0.8,2.4,3.3,4.4,1.5,1,0.6,2.1,13.8,0.491,10,6,7,7,0.143
32.9,14.4,0.529,6.9,0.7,2.3,2.8,3.8,1.842602041,2.5,1.9,1.4,18.7,0.553,11.93196481,15.44281525,3,3,0.253
24.6,7.3,0.538,3.4,0.5,1.4,2.5,3.5,2,1.5,0.5,2,10.7,0.57,13.1,13.9,7.8,4.9,0.198
34.7,12.2,0.446,3.3,2.1,5.6,2.7,3.3,0.9,0.9,0.6,1.9,15.7,0.533,10,13.6,8.6,4.9,0.159
24.1,11.2,0.458,4,1.2,3.2,2.3,3.2,1.842602041,0.8,0.2,1.9,13.8,0.51,11.93196481,15.44281525,5.7,4.1,0.126
28.5,12.5,0.512,4.4,1.9,4.5,2.9,3.5,1.842602041,0.8,0.8,2.2,17.6,0.59,11.93196481,15.44281525,14.5,8.2,0.278
29.6,7.2,0.508,3.3,0.3,0.9,4.3,5.6,2.3,1.1,0.5,1,12,0.531,11.1,11.2,11.2,4.7,0.203
32.6,16,0.429,5.5,1.4,4.3,2.7,3.6,3.1,0.9,4.4,2.2,17.8,0.472,11.93196481,15.44281525,1,3.6,0.189
32.3,12.6,0.446,3.3,2.4,6.1,5,5.8,0.4,1.2,0.2,2.4,18.6,0.54,8.1,24.3,14.2,3.4,0.209
24.8,7.1,0.421,1.4,1.6,4.2,1.6,1.9,0.4,0.5,0.3,1.5,9.2,0.533,5.9,18.1,5.1,3.8,0.138
20.3,5.7,0.638,3.6,0,0,1.6,2.8,1.7,0.5,1.1,1.5,8.8,0.638,14.6,3.3,2.3,1,0.198
23.5,7.9,0.52,4.1,0,0.2,2.1,3.6,2.5,0.6,2.7,1.5,10.3,0.523,18.6,5.5,4.7,10,0.246
22.5,6.9,0.488,3.4,0,0,3,4.6,1.842602041,0.6,1.1,1.1,9.9,0.488,11.93196481,15.44281525,4.4,7.3,0.169
30.4,12.4,0.426,3.7,1.6,4.8,4.3,6,0.7,1.2,0.1,2.7,16.4,0.489,6.5,26.2,8.5,4.7,0.165
33.3,10.7,0.529,4.7,0.9,2.3,4.8,6.1,1.9,1.6,0.3,2.5,17,0.574,11,22.3,12,5.1,0.217
25,8,0.467,3.1,0.6,1.7,2.3,3.4,2,1.2,0.8,1.9,10.5,0.506,18,24.6,9.6,9.6,0.212
31,12.7,0.44,3.2,2.3,5.5,3.5,4.4,0.8,1.2,0.2,2.8,16.9,0.531,6.6,24.7,9.6,6.1,0.191
32.6,11,0.504,5.2,0.4,1.5,2.8,4.3,1.842602041,1.5,0.3,1.5,14.4,0.523,11.93196481,15.44281525,7,5.5,0.1
24.3,8.6,0.45,3,0.9,2.8,2.4,3.2,1.8,0.9,1.9,1.5,11,0.501,12,9.6,5.6,5.1,0.186
15.1,3.1,0.563,1.7,0,0,1.2,2.1,1.3,0.3,1.5,1.2,4.7,0.565,13.2,5.7,3.1,6.9,0.203
28.4,8.6,0.538,4.6,0,0.1,0.8,2.6,3.4,0.8,2.7,1.5,10,0.538,15.6,3.4,1.4,1.5,0.121
34.8,11.8,0.461,4.5,1,3.1,4.7,6.3,0.8,1.8,0.5,4,16.6,0.503,6.6,34.8,3.7,2.6,0.196
31.7,11.6,0.44,4.1,1,3.2,4.2,5.2,0.8,0.9,0.3,2.7,15.4,0.484,6.4,20.5,6.9,3.2,0.136
26.1,9.4,0.524,4.8,0.1,0.1,3.2,5.5,2.7,0.6,5.4,1.9,13.1,0.528,18.3,2.2,2,2.5,0.2
23.3,10.6,0.515,4.9,0.6,2.1,3.3,5.4,1.842602041,1.1,0.4,2.2,14.8,0.542,11.93196481,15.44281525,3.7,3.5,0.237
31.3,6.8,0.401,1.4,1.3,3.5,1.5,2,0.7,1.7,0.3,3.3,8.3,0.499,6,36.5,5,8.4,0.124
28.4,8.8,0.587,5.2,0,0,2.9,5.1,1.842602041,0.6,2.7,2.6,13.2,0.587,11.93196481,15.44281525,2.7,2.9,0.084
33.7,10.9,0.405,3,1.4,4.8,2.8,3.4,1,1.5,0.1,3,13.1,0.47,6.2,24.4,3,4.2,0.133
21.4,5.5,0.537,3,0,0,1.2,2.2,1.7,0.4,2.8,2,7.1,0.537,11.93196481,15.44281525,1.6,4.3,0.189
34.5,13.8,0.465,5.7,0.7,1.9,4.5,5.9,3.3,2.1,0.3,2.7,18,0.491,11.93196481,15.44281525,4.6,4.7,0.172
22.1,5.9,0.612,3.4,0.2,0.4,3.4,4.8,2.7,0.5,1.2,1.5,10.8,0.626,11.93196481,15.44281525,6.4,6.2,0.316
31.8,10.8,0.44,4.2,0.5,1.9,4.1,6.4,1.5,1.1,0.5,3.1,14.1,0.464,8.5,16.8,1.6,1.5,0.117
