,Player,School,Conf,G,GS,MP,FG,FGA,FG%,2P,2PA,2P%,3P,3PA,3P%,FT,FTA,FT%,ORB,DRB,TRB,AST,STL,BLK,TOV,PF,PTS,?,SOS,PER,TS%,eFG%,3PAr,FTr,PProd,ORB%,DRB%,TRB%,AST%,STL%,BLK%,TOV%,USG%,,OWS,DWS,WS,WS/40,,OBPM,DBPM,BPM
0,Jeff Teague,Wake Forest,,61,52,30.9,5.2,11.2,0.462,3.9,8.2,0.477,1.3,3,0.421,4.8,5.9,0.812,0.5,2.5,3,3,1.9,0.6,3,2.3,16.4,,8.09,,0.586,0.518,0.268,0.529,,,,5,16.7,,1.2,17.4,24.3,,5.6,3.5,9.1,0.193,,,,
1,Andrew Bogut,Utah,,68,68,32.7,6.6,10.9,0.603,6.4,10.4,0.616,0.2,0.5,0.361,3.2,4.7,0.674,3.5,7.6,11.1,2.3,0.7,1.6,2.7,2.3,16.6,,4.53,,0.629,0.612,0.048,0.429,,,,24.2,18.2,,4.2,17,29.7,,9.4,7.7,17.1,0.307,,,,
2,Perry Jones,Baylor,,63,62,32.2,5.5,10.5,0.522,5.3,9.8,0.539,0.2,0.7,0.279,2.6,3.8,0.678,2.7,4.7,7.4,1.2,0.7,0.7,2,2.3,13.7,,6.41,20.5,0.558,0.531,0.065,0.363,819,10.4,17.8,14.2,8.3,1.3,2.6,13.9,22.4,,5,3.2,8.2,0.162,,2.6,2,4.6
3,Luc Richard Mbah a Moute,UCLA,,107,106,29.5,3.4,6.8,0.503,3.2,6,0.545,0.2,0.9,0.215,1.7,2.5,0.668,2.6,4.7,7.2,1.6,1.3,0.6,1.8,2.2,8.7,,8.6,,0.544,0.516,0.127,0.363,,,,15.5,9.6,,1.3,18.3,17.7,,4.1,10.6,14.7,0.186,,,,
4,P.J. Hairston,UNC,,71,14,18.1,3.1,8,0.388,1.3,2.9,0.458,1.8,5.1,0.349,2,2.5,0.8,1.3,1.9,3.2,1,0.8,0.3,0.9,1.7,10,,7.54,22.2,0.544,0.5,0.642,0.309,639,7.5,12.2,9.7,10.5,2.5,1.5,9.2,25.8,,4.3,2,6.3,0.195,,7.8,1.4,9.2
5,D.J. White,Indiana,,99,97,30.6,5.5,9.8,0.562,5.5,9.8,0.563,0,0,0.333,3.5,5.1,0.69,2.4,5.1,7.6,0.9,0.7,2,1.7,2.6,14.6,,7.95,,0.595,0.563,0.003,0.52,,,,15.3,6.6,,4.7,12.5,24.2,,9.1,9.4,18.5,0.244,,,,
6,Jrue Holiday,UCLA,,35,35,27.1,3.2,7.1,0.45,2.4,4.6,0.528,0.8,2.5,0.307,1.3,1.8,0.726,1.3,2.5,3.8,3.7,1.6,0.5,2.1,2.1,8.5,,7.18,,0.532,0.504,0.353,0.249,,,,8.9,23.8,,1.7,21.2,19.3,,1.2,2.1,3.3,0.138,,,,
7,Quincy Pondexter,Washington,,136,102,27.3,4.8,9.5,0.503,4.4,8.3,0.528,0.4,1.2,0.327,3.1,4.1,0.768,2.4,3.2,5.6,1.7,0.8,0.3,1.9,2.5,13.1,,7.55,,0.572,0.524,0.127,0.429,653,10.3,15,11.6,11.5,2.2,1.3,14.2,24.4,,9.7,6.7,16.4,0.176,,,,
8,Von Wafer,Florida State,,61,22,21.6,3.5,8.7,0.405,1.7,3.8,0.457,1.8,4.9,0.365,1.3,1.9,0.669,0.4,1.8,2.2,1.4,0.9,0.2,1.4,1.4,10.1,,8.65,,0.526,0.508,0.561,0.223,,,,5.7,14.4,,0.8,12.7,24.4,,2.1,1.2,3.3,0.101,,,,
9,Otto Porter,Georgetown,,64,38,32.5,4.6,9.2,0.498,3.7,6.8,0.55,0.9,2.4,0.355,2.8,3.8,0.751,1.9,5.3,7.1,2.1,1.5,0.9,1.3,2,12.8,,7.64,24.4,0.585,0.545,0.264,0.41,795,7.7,20.3,14.2,14.9,2.9,3.1,10.8,20.9,,6.8,5.3,12,0.231,,5.8,5.6,11.4
10,Javaris Crittenton,Georgia Tech,,32,31,31.3,4.9,11,0.45,3.8,7.8,0.488,1.1,3.2,0.356,3.4,4.3,0.783,0.9,2.8,3.7,5.8,2,0.1,3.9,2.1,14.4,,9.36,,0.552,0.501,0.288,0.393,,,,,,,,22.9,,,2,1.7,3.6,0.145,,,,
11,Jeffery Taylor,Vanderbilt,,134,133,29.3,5,10.3,0.483,4.1,7.9,0.52,0.9,2.4,0.358,3.4,4.9,0.693,2.1,3.5,5.6,1.9,1.1,0.4,2.3,2.3,14.2,,6.64,21.7,0.562,0.524,0.233,0.473,1474,7.8,12.9,11.2,14.3,2.2,1.5,15.5,26,,10.4,6,16.4,0.167,,5.2,2.2,7.4
12,Hasheem Thabeet,UConn,,100,99,29.3,3.6,5.9,0.611,3.6,5.9,0.611,0,0,,3.1,5,0.625,3,5.4,8.5,0.4,0.4,4.2,1.8,2.6,10.3,,7.14,,0.624,0.611,0,0.844,,,,17.9,2.9,,9.2,17.5,19,,7.2,12.8,19.9,0.272,,,,
13,Jordan Crawford,Overall,,65,42,29.3,5.6,12.4,0.455,4,8,0.494,1.7,4.4,0.384,2.6,3.3,0.765,1,3.1,4.1,2.6,1.2,0.2,2.2,1.6,15.5,,6.01,,0.555,0.523,0.352,0.269,654,3.4,12,7.9,19.5,2.4,0.6,13.6,27.4,,5.1,3,8.2,0.172,,,,
14,Jabari Parker,Duke,,35,35,30.7,6.7,14.3,0.473,5.7,11.2,0.504,1.1,3,0.358,4.6,6.1,0.748,3,5.7,8.7,1.2,1.1,1.2,2.3,2.4,19.1,,8.48,28.4,0.558,0.511,0.212,0.429,623,11.4,23.1,17.1,8.6,2.1,4,11.9,32.7,,3.6,1.9,5.5,0.205,,4.3,2.3,6.6
15,Kyle Lowry,Villanova,,57,34,26.7,3.2,7.1,0.449,2.9,6.4,0.463,0.2,0.7,0.325,2.9,4,0.737,1.4,2.4,3.8,3,1.9,0.2,1.9,2.6,9.5,,8.83,,0.531,0.465,0.099,0.566,,,,8.3,25.9,,0.6,17.7,20.4,,2.1,4.4,6.5,0.171,,,,
16,Devin Harris,Wisconsin,,96,96,35,4.6,10.2,0.447,2.6,5,0.522,1.9,5.2,0.375,3.8,4.8,0.778,0.7,3.4,4.1,3.1,1.7,0.4,1.8,2.1,14.8,,7.74,,0.593,0.542,0.509,0.474,,,,7.7,28.8,,0.3,12.4,27.6,,9.8,7.8,17.6,0.21,,,,
17,Ryan Gomes,Providence,,116,115,35.1,6.8,13,0.519,6.1,11,0.549,0.7,2,0.352,4.2,5.3,0.789,3.3,5.5,8.9,2.3,1.6,0.4,2.3,2.1,18.4,,7.36,,0.592,0.546,0.152,0.411,,,,15.3,13.8,,0.8,12.9,23.8,,13.1,7.5,20.5,0.202,,,,
18,DeJuan Blair,Pitt,,72,71,26.6,5.5,9.6,0.568,5.5,9.6,0.568,0,0,,2.7,4.3,0.614,4.7,6,10.7,1.1,1.6,1,1.6,2.8,13.6,,8.22,,0.582,0.568,0,0.448,,,,22.7,8.2,,2.9,12,24.6,,5.4,9.6,15,0.314,,,,
19,Shelvin Mack,Butler,,108,107,31.2,4.8,11.4,0.419,2.8,5.8,0.48,2,5.6,0.357,2.6,3.4,0.755,0.8,3.4,4.2,3.3,1.1,0.1,2.2,1.9,14.1,,4.05,21,0.544,0.507,0.493,0.303,1103,2.4,13.7,8.3,25.4,2.1,0.3,14.5,26.3,,7.9,5.9,13.8,0.164,,5.3,1,6.3
20,Nate Wolters,South Dakota State,,127,109,33.1,6.1,13.5,0.45,4.8,9.9,0.49,1.2,3.6,0.342,5.1,6.4,0.803,0.9,3.8,4.7,5.3,1.5,0.2,2.2,1.8,18.5,,-3.55,28.1,0.56,0.497,0.269,0.47,2455,3.4,14.6,8.8,33.9,2.7,0.5,11.8,29.3,,19.1,4.7,23.8,0.226,,7.3,-0.3,7
21,Meyers Leonard,Illinois,,65,30,19.8,3,5.4,0.567,3,5.2,0.585,0,0.2,0.083,1.6,2.2,0.729,1.3,3.4,4.7,0.7,0.3,1.1,1.4,2.2,7.7,,9.55,20.3,0.601,0.569,0.034,0.413,471,8.1,23.1,15.4,8.5,1,6.5,18.4,21.1,,2.7,2.2,4.8,0.149,,1.2,5.1,6.3
22,Hilton Armstrong,UConn,,131,56,15.1,1.7,3.1,0.563,1.7,3.1,0.565,0,0,0.333,1.2,2.1,0.578,1.3,2.6,3.9,0.6,0.3,1.5,1.2,2.1,4.7,,7.4,,0.575,0.565,0.007,0.682,,,,13.2,5.7,,6,23,15.9,,3.1,6.9,10.1,0.203,,,,
23,Darrell Arthur,Kansas,,78,46,21.9,4.7,8.7,0.541,4.7,8.5,0.552,0,0.2,0.118,1.8,2.7,0.676,2.2,3.3,5.5,0.6,0.7,1.4,1.6,2.8,11.3,,7.53,,0.564,0.543,0.025,0.312,,,,13.6,4.7,,5.6,14,26,,4.1,6.5,10.6,0.247,,,,
24,Jonny Flynn,Syracuse,,73,73,36.5,5.6,12.2,0.46,4.2,8.1,0.525,1.4,4.2,0.333,4,5.1,0.782,0.6,2.1,2.7,6,1.5,0.2,3.1,1.5,16.6,,8.72,,0.567,0.516,0.34,0.416,,,,4.1,26.8,,0.3,17.3,21.5,,5.9,2.7,8.6,0.129,,,,
25,Jeff Green,Georgetown,,102,102,33.2,4.8,9.7,0.488,3.9,7.3,0.531,0.9,2.4,0.359,2.7,3.9,0.7,2.1,4.4,6.5,3.1,0.9,1.2,2.5,2.5,13.1,,7.65,,0.565,0.533,0.249,0.402,,,,12.7,20.8,,2.9,17.8,24.1,,7.5,7.2,14.7,0.174,,,,
26,Chris Douglas-Roberts,Memphis,,109,100,26.1,5.1,9.4,0.54,4.4,7.6,0.579,0.7,1.8,0.372,3.3,4.6,0.725,1.2,2.4,3.7,1.7,1,0.4,2,1.9,14.2,,4.64,,0.611,0.575,0.191,0.485,,,,7.4,13.2,,1.2,14.6,26.7,,10,7.4,17.4,0.245,,,,
27,Blake Griffin,Oklahoma,,68,63,30.9,7.1,11.5,0.618,7.1,11.4,0.622,0,0.1,0.3,4.5,7.7,0.589,3.6,8.3,11.8,2.1,1.1,1,2.8,2.5,18.8,,7.37,,0.62,0.62,0.013,0.665,,,,21.8,16.4,,2.4,15.7,29.5,,8.9,6.3,15.2,0.29,,,,
28,Jared Dudley,Boston College,,130,130,36.4,5.3,10.5,0.504,4.4,8,0.548,0.9,2.5,0.365,4.4,6,0.731,2.9,4.3,7.2,3,1.4,0.3,2.1,1.9,15.9,,7.22,,0.595,0.548,0.24,0.573,,,,12.1,17.4,,0.5,13.3,21.5,,12.9,8.1,21,0.178,,,,
29,Charlie Villanueva,UConn,,63,35,22.3,4.3,8.3,0.518,3.9,7.4,0.534,0.4,1,0.393,2.2,3.2,0.681,2.2,4.6,6.7,1,0.4,1.7,1.7,2.2,11.2,,7.7,,0.568,0.541,0.116,0.389,,,,14,6.9,,4.9,14.9,22.4,,3.5,4.8,8.4,0.238,,,,
30,Jordan Clarkson,Overall,,93,75,31.7,5.1,11.6,0.44,4.1,8.4,0.485,1,3.2,0.322,4.2,5.2,0.805,0.8,2.5,3.3,2.7,0.9,0.3,2.7,2.3,15.4,,4.32,19.1,0.548,0.484,0.274,0.453,1390,3.2,9.4,6.4,20.5,1.8,1,16.3,27.8,,6.9,3.2,10.1,0.136,,3,0,3
31,Andrew Wiggins,Kansas,,35,35,32.8,5.4,12.1,0.448,4.2,8.5,0.493,1.2,3.6,0.341,5,6.5,0.775,2.2,3.7,5.9,1.5,1.2,1,2.3,2.7,17.1,,11.4,21.4,0.563,0.499,0.299,0.538,564,8.4,12.3,10.4,9.2,2.1,3.1,13.1,26.3,,3.2,1.7,4.9,0.17,,5.4,3,8.5
32,Marvin Williams,UNC,,36,0,22.2,3.5,6.9,0.506,2.9,5.6,0.522,0.5,1.2,0.432,3.8,4.5,0.847,1.8,4.8,6.6,0.7,1.1,0.5,1.6,2.6,11.3,,10.66,,0.627,0.545,0.178,0.66,,,,16,5.4,,1.4,14.7,21.1,,2.6,2.1,4.8,0.239,,,,
33,Roy Hibbert,Georgetown,,136,121,23.3,4.2,7,0.603,4.2,7,0.602,0,0,1,2.4,3.5,0.68,2.3,3.7,5.9,1.3,0.4,1.9,1.5,2.5,10.9,,7.54,,0.626,0.605,0.003,0.506,,,,16.2,13.1,,6.3,14.9,24.6,,11.7,10.3,22,0.278,,,,
34,Derrick Favors,Georgia Tech,,36,35,27.5,5,8.1,0.611,5,8.1,0.613,0,0,0,2.5,4,0.629,3,5.4,8.4,1,0.9,2.1,2.5,2.6,12.4,,9.02,,0.621,0.611,0.003,0.488,420,12.6,19.9,16.5,7.9,1.8,7.9,20,21.8,,2.3,2.5,4.8,0.195,,,,
35,Lavoy Allen,Temple,,135,130,32.2,4.4,8.2,0.534,4.2,7.7,0.549,0.1,0.5,0.288,1.6,2.4,0.671,3,5.5,8.5,2.1,0.5,1.6,1.4,2.5,10.5,,4.24,21.8,0.562,0.542,0.06,0.293,821,10.8,22,16.5,14.3,1.1,5,13,19.3,,9.5,9.7,19.2,0.176,,1.2,5.3,6.6
36,LaMarcus Aldridge,Texas,,53,53,30.2,5.2,8.9,0.586,5.2,8.9,0.586,0,0,,3,4.7,0.649,3.4,4.8,8.2,0.6,1.3,1.8,1.6,2.7,13.5,,7.28,,0.605,0.586,0,0.527,,,,15.3,4.3,,4.2,12.9,20.9,,4.7,6.5,11.2,0.28,,,,
37,Ronny Turiaf,Gonzaga,,127,73,25.5,4.2,8.2,0.518,4.2,8,0.524,0,0.1,0.222,5.1,7.1,0.715,2.1,4.7,6.8,1,0.5,1.4,2.1,2.9,13.6,,3.06,,0.588,0.52,0.017,0.866,,,,16.4,7.4,,4.2,15.1,27.6,,9.7,9,18.7,0.231,,,,
38,Courtney Lee,Western Kentucky,,127,127,31.2,6.3,13.6,0.464,4.4,8.8,0.498,1.9,4.8,0.401,3.1,3.7,0.817,1.7,3.5,5.2,2.2,1.9,0.6,2.5,2.5,17.6,,-1.08,,0.572,0.535,0.353,0.275,,,,10.4,15.1,,1,14.1,25.4,,11.1,7.5,18.7,0.189,,,,
39,Francisco Garcia,Louisville,,98,80,28.1,4.7,10.5,0.448,2.9,5.5,0.519,1.8,5,0.369,3.2,3.7,0.849,1.2,2.7,3.9,3.5,1.5,1.4,2.4,2.7,14.4,,6.66,,0.587,0.535,0.473,0.353,,,,7.6,28.9,,3.3,16.2,26.1,,8.4,9.6,18,0.261,,,,
40,Jeff Withey,Kansas,,117,76,19.8,2.8,4.9,0.568,2.8,4.9,0.567,0,0,1,2.4,3.3,0.726,1.6,3.8,5.4,0.6,0.5,2.7,1.2,1.8,8,,8.34,26,0.616,0.569,0.002,0.677,892,9.9,21.2,15.9,5.8,1.5,14.3,15.3,19.7,,6.6,6.4,13,0.224,,2.7,10.3,13
41,Kemba Walker,UConn,,111,77,32.9,5.2,12.2,0.428,4.1,8.7,0.469,1.1,3.5,0.326,4.5,5.8,0.783,1,3.4,4.4,4.1,1.7,0.3,2.3,1.5,16.1,,9.39,25.7,0.539,0.475,0.287,0.474,1450,3.5,10.6,7.3,26.6,3.2,0.7,13.5,26.2,,11.5,6.4,17.9,0.196,,10.2,2.7,12.9
42,Paul Millsap,Louisiana Tech,,92,91,35.2,7.2,12.4,0.577,7.1,12.2,0.58,0.1,0.2,0.375,4.2,6.8,0.62,5.5,7.3,12.7,0.9,1.3,2,2.4,3.1,18.6,,2.11,,0.594,0.579,0.014,0.546,,,,19.3,5.6,,3.5,13.5,23.7,,10.9,13.7,24.6,0.304,,,,
43,Brook Lopez,Stanford,,53,43,28,6.1,12.7,0.48,6.1,12.3,0.491,0.1,0.4,0.143,3.7,4.9,0.764,2.3,4.8,7.1,1.1,0.5,1.9,2.1,2.6,16,,8,,0.532,0.482,0.031,0.384,,,,14.6,9.7,,4.9,12.3,31.4,,2.9,5,7.9,0.213,,,,
44,Rudy Gay,UConn,,64,59,29.8,5,10.8,0.461,4.1,8.5,0.483,0.9,2.3,0.378,2.8,3.8,0.721,1.9,4,5.9,1.8,1.3,1.7,2.2,2.3,13.6,,7.1,,0.538,0.501,0.214,0.353,,,,10.8,12.6,,3.2,15,25.2,,3.2,5.9,9.1,0.191,,,,
45,Shabazz Napier,UConn,,143,98,32.3,4.2,10.1,0.411,2.3,5.3,0.444,1.8,4.8,0.375,3.6,4.4,0.813,0.7,3.3,4,4.5,1.8,0.2,2.4,2.1,13.7,,8.64,21.6,0.562,0.501,0.479,0.433,2047,2.7,11.6,7.3,29.2,3.4,0.7,16.7,24,,12.8,7.4,20.2,0.175,,6.6,2.5,9.1
46,Raymond Felton,UNC,,101,100,33.9,4.1,9.7,0.423,2.4,5.1,0.467,1.7,4.6,0.375,2.6,3.5,0.731,0.7,3.4,4.1,6.9,1.9,0.3,3.6,2.3,12.5,,11,,0.55,0.512,0.474,0.361,,,,6.7,35.1,,0.5,24,20.3,,5.6,5.7,11.3,0.132,,,,
47,Josh McRoberts,Duke,,69,63,29.7,4,7.5,0.54,3.9,7,0.559,0.1,0.5,0.278,2.5,3.8,0.664,1.9,4.6,6.5,2.4,1.2,1.9,1.9,2.8,10.8,,9.63,,0.578,0.549,0.07,0.507,,,,13.1,16.5,,4.4,17,19.1,,4,6.2,10.3,0.201,,,,
48,Ryan Hollins,UCLA,,113,61,20.2,2,3.5,0.575,2,3.5,0.574,0,0,1,1.7,2.9,0.591,1.6,2.5,4,0.4,0.2,0.9,1.4,2.4,5.7,,7.98,,0.59,0.577,0.003,0.826,,,,12.9,3,,3.3,22.3,15.8,,4,4,7.9,0.139,,,,
49,Gerald Henderson,Duke,,103,79,25.3,4.4,9.7,0.458,3.8,7.6,0.493,0.7,2,0.329,2.7,3.9,0.706,1.2,3,4.2,1.8,1,0.7,1.9,1.7,12.3,,9.61,,0.533,0.493,0.211,0.4,,,,9.5,14.5,,1.9,13.9,25.4,,4.3,6.7,11.1,0.17,,,,
50,Johnny O'Bryant III,LSU,,91,78,27.1,4.9,10.5,0.467,4.8,10.2,0.474,0.1,0.3,0.222,2.8,4.6,0.619,3,4.7,7.7,1.3,0.5,0.8,2.9,2.8,12.7,,5.38,17.7,0.501,0.47,0.028,0.434,1133,12.1,20.2,16,10.2,1.1,3,18.8,28.2,,1.9,3.9,5.8,0.094,,-1.3,1.2,-0.2
51,Will Barton,Memphis,,70,59,32.9,5.7,12,0.471,4.6,8.4,0.546,1.1,3.6,0.299,2.7,3.7,0.733,1.7,4.8,6.5,2.9,1.5,0.6,2.3,2.2,15.2,,4.2,22.1,0.549,0.517,0.302,0.311,1044,6.6,16.8,11.9,18.4,2.6,1.9,14.5,24.9,,5.9,4.2,10.1,0.176,,4.4,3,7.3
52,Kyle Singler,Duke,,148,147,33,5.5,12.7,0.433,3.7,7.7,0.479,1.8,5,0.363,3.4,4.3,0.773,2.4,4.4,6.9,2,1.1,0.7,2.1,2.6,16.2,,8.97,21.6,0.548,0.504,0.392,0.342,1272,7.5,14,11.6,11.9,1.6,1.8,12.6,24.7,,13.5,12.2,25.7,0.21,,4.6,2.2,6.8
53,Cory Joseph,Texas,,36,36,32.4,3.8,8.9,0.422,2.3,5.4,0.429,1.4,3.5,0.413,1.4,2,0.699,0.6,2.9,3.6,3,1,0.3,1.5,1.8,10.4,,7.96,15.1,0.526,0.503,0.391,0.227,372,2.2,9.5,6,17.3,1.9,0.9,13.1,17.3,,2.2,2.2,4.4,0.152,,3.9,3.7,7.7
54,Josh Boone,UConn,,103,100,25.9,3.7,6.4,0.578,3.7,6.4,0.578,0,0,,1.9,3.4,0.559,3.1,3.8,7,0.8,0.5,2.2,1.3,1.9,9.3,,7.32,,0.58,0.578,0,0.528,,,,13.4,4.6,,4.7,14.2,15.7,,5.1,9.1,14.2,0.213,,,,
55,Andre Iguodala,Arizona,,62,34,25.4,3.3,7.8,0.424,2.8,5.9,0.473,0.5,1.9,0.274,2.5,3.3,0.738,2.2,4.4,6.6,3.4,1.5,0.5,2.1,2.2,9.6,,7.79,,0.511,0.458,0.242,0.427,,,,13.7,21.1,,1.1,18.5,20.1,,1.4,4,5.4,0.137,,,,
56,Jeremy Lamb,UConn,,75,74,32.1,5.3,11,0.482,3.8,6.6,0.573,1.6,4.5,0.348,1.9,2.4,0.806,1.1,3.6,4.7,1.7,1,0.6,1.6,1.6,14.1,,9.25,21.3,0.58,0.553,0.406,0.217,940,4,12.2,8.2,11.2,2,1.9,11.6,22.2,,6.9,2.9,9.9,0.164,,5.9,1.9,7.8
57,Joakim Noah,Florida,,108,78,21.1,3.8,6.2,0.616,3.8,6.2,0.617,0,0,0.5,2.9,4.2,0.684,2,4.4,6.4,1.7,0.9,1.7,1.8,2,10.5,,6.65,,0.642,0.617,0.003,0.679,,,,16.5,16,,6.4,18,24.2,,8.7,9,17.7,0.31,,,,
58,Mario Chalmers,Kansas,,110,96,28.5,4,8.3,0.486,2.4,4.4,0.545,1.6,3.9,0.419,2.5,3.2,0.767,0.3,2.5,2.8,3.8,2.6,0.4,2.4,2.4,12.2,,7.56,,0.619,0.584,0.47,0.389,,,,5.3,22.7,,0.8,19.3,21.8,,9.5,9,18.5,0.236,,,,
59,Kevin Durant,Texas,,35,35,35.9,8.7,18.5,0.473,6.4,12.7,0.505,2.3,5.8,0.404,6,7.3,0.816,3,8.1,11.1,1.3,1.9,1.9,2.8,2,25.8,,6.12,,0.587,0.536,0.314,0.396,,,,16.5,8.6,,3.5,11.4,33.2,,4.7,4.1,8.8,0.28,,,,
60,Miles Plumlee,Duke,,135,58,15.8,1.9,3.5,0.557,1.9,3.5,0.557,0,0,1,0.9,1.5,0.625,1.8,3,4.8,0.3,0.5,0.6,1,2.3,4.8,,8.75,18.5,0.575,0.559,0.002,0.426,639,13.8,21.7,17.3,3.9,1.7,3.7,19.6,16.2,,4.1,5,9.1,0.17,,2.7,3.9,6.6
61,Leon Powe,California,,54,53,32.5,5.9,12,0.492,5.9,11.9,0.495,0.1,0.2,0.3,5.9,8.8,0.672,3.4,6.4,9.8,1.1,0.8,0.6,2.2,2.4,17.8,,7.74,,0.549,0.495,0.015,0.731,,,,18.6,8.2,,1.4,12,29.8,,4.4,3.8,8.2,0.186,,,,
62,Thomas Robinson,Kansas,,105,42,18.7,3.8,7.2,0.525,3.7,7,0.525,0.1,0.1,0.5,2.2,3.6,0.606,2.1,5.2,7.3,1,0.6,0.7,1.6,2.1,9.8,,8.6,26.1,0.55,0.529,0.019,0.502,995,13.8,31.2,22.8,11,1.9,3.9,15.6,28.3,,5.1,5.5,10.6,0.217,,3,4.7,7.6
63,Gary Harris,Michigan State,,69,67,31,5,11.4,0.44,2.9,5.7,0.503,2.1,5.6,0.376,2.7,3.5,0.788,1,2.3,3.3,2,1.6,0.3,1.6,2,14.9,,9.96,21,0.571,0.533,0.495,0.306,927,3.9,8.6,6.3,13.5,3.1,1.1,11,24.6,,6.2,3.6,9.8,0.183,,6.6,2.2,8.9
64,Chris Singleton,Kent State,,121,97,23.5,3.5,7.5,0.471,3.1,6.1,0.504,0.4,1.4,0.325,2.7,4.3,0.636,1.3,2.5,3.8,2.7,1.6,0.2,2.3,3.1,10.2,,0.37,,0.537,0.501,0.184,0.574,395,6.7,15.4,9.3,25.6,4.1,0.8,19.3,26.6,,6,6.3,12.3,0.173,,,,
65,Renaldo Balkman,South Carolina,,104,40,21.1,3,5.5,0.553,2.9,5,0.581,0.2,0.5,0.291,1.2,2.2,0.533,2.1,3.2,5.3,1.7,1.2,1.1,1.7,2.1,7.4,,7.11,,0.566,0.567,0.096,0.396,,,,15,16.6,,3.8,20.2,20.5,,4.3,7.4,11.7,0.213,,,,
66,Ty Lawson,UNC,,105,95,27,4.4,8.5,0.517,3.3,5.9,0.568,1.1,2.6,0.403,3.2,4.1,0.78,0.6,2.3,2.9,5.8,1.8,0.1,2.1,2,13.1,,8.59,,0.624,0.579,0.31,0.482,,,,5.4,34.4,,0.2,16.6,21.5,,9,6.7,15.7,0.221,,,,
67,E'Twaun Moore,Purdue,,140,135,32.3,5.6,12.7,0.44,3.8,8.1,0.473,1.7,4.6,0.38,2.4,3.3,0.729,1.1,3.3,4.4,2.9,1.2,0.4,2.1,2.3,15.3,,7.64,22.6,0.536,0.508,0.36,0.258,1104,4.3,11.7,8,20.2,2.5,1.2,12.7,27.5,,9.9,9.4,19.3,0.171,,7.1,3.4,10.5
68,James Johnson,Wake Forest,,61,59,29.9,5.8,11.2,0.515,4.9,8.4,0.587,0.8,2.8,0.296,2.5,3.6,0.693,2.8,5.5,8.3,1.6,1.4,1.4,2.5,3,14.8,,8.09,,0.575,0.551,0.248,0.32,,,,15.2,9.2,,3.3,16.2,25.7,,4.6,5.4,10,0.219,,,,
69,DeMar DeRozan,USC,,35,35,33.4,5.5,10.5,0.523,5.3,9.5,0.562,0.2,1,0.167,2.7,4.2,0.646,2.4,3.3,5.7,1.5,0.9,0.4,2.1,2.1,13.9,,9.15,,0.555,0.531,0.098,0.401,,,,,,,,14.3,,,2.4,1.7,4.1,0.14,,,,
70,Royal Ivey,Texas,,133,126,24.7,2.8,6.1,0.455,2.4,4.9,0.483,0.4,1.2,0.338,1.9,2.6,0.709,1.1,1.9,3.1,2.3,0.9,0.2,1.5,2.7,7.8,,9.13,,0.532,0.488,0.195,0.435,,,,7,17.4,,0.6,16.7,18.1,,3.7,6.3,10,0.121,,,,
71,Jae Crowder,Marquette,,72,52,30.2,5.2,10.6,0.492,3.8,6.5,0.581,1.4,4.1,0.35,2.7,4,0.683,2.1,5.4,7.6,1.8,1.9,0.9,1,2.5,14.6,,8,26.7,0.584,0.56,0.386,0.377,966,8.2,20.8,14.5,12.5,3.6,3.2,7.6,21.9,,7.8,4.8,12.6,0.233,,7.9,5,12.9
72,Arron Afflalo,UCLA,,104,103,32.7,5,10.9,0.457,3,5.5,0.539,2,5.4,0.373,2.8,3.6,0.781,0.6,2.8,3.5,1.9,0.6,0.2,2,2.1,14.8,,8.4,,0.586,0.549,0.493,0.33,,,,7.3,12.5,,0.4,13.5,22,,9.7,4.1,13.8,0.163,,,,
73,Reggie Jackson,Boston College,,99,52,28,4.6,9.9,0.465,3.4,6.4,0.527,1.2,3.5,0.351,2.3,3,0.753,1.4,3,4.4,3.5,0.8,0.5,2.1,1.7,12.7,,7.25,23.9,0.56,0.527,0.352,0.302,1037,5.5,12.8,9.2,26.8,1.6,1.6,15.3,24.8,,7.9,2.9,10.8,0.156,,9,0.2,9.1
74,J.J. Redick,Duke,,139,134,34,5.9,13.7,0.433,2.6,5.6,0.472,3.3,8.1,0.406,4.8,5.2,0.912,0.5,2.2,2.7,2.2,1.1,0.1,2.1,1.6,19.9,,9.51,,0.615,0.553,0.591,0.381,,,,4.3,12.7,,0.1,11.6,25.7,,18.4,5.1,23.5,0.199,,,,
75,Al Horford,Florida,,109,100,25.7,3.9,6.6,0.586,3.9,6.6,0.589,0,0,0,2.5,4.1,0.619,2.3,5.6,7.9,1.7,0.9,1.7,1.6,2.5,10.3,,6.65,,0.601,0.586,0.006,0.613,,,,17,11.6,,4.9,15.6,18.6,,7,10,17.1,0.244,,,,
76,Gordon Hayward,Butler,,69,69,33.1,4.3,9.2,0.47,2.6,4.6,0.569,1.7,4.6,0.369,4.1,4.9,0.824,1.7,5.7,7.4,1.8,1.3,0.9,2,2.1,14.4,,3.57,,0.624,0.562,0.495,0.536,549,7.6,23.4,14.1,12.9,2,2.7,14.8,22.3,,7.9,6.3,14.2,0.249,,,,
77,Isaiah Thomas,Washington,,105,104,30.4,5.3,12.4,0.426,3.7,7.6,0.49,1.6,4.8,0.325,4.3,6,0.713,0.7,2.8,3.5,4,1.2,0.1,2.7,2,16.4,,7.81,21.5,0.538,0.489,0.388,0.484,1184,2.3,10.7,6.5,26.2,2.1,0.2,14.8,26.6,,8.5,4.7,13.2,0.165,,7.2,1.2,8.4
78,Terrence Jones,Kentucky,,76,69,30.4,5,10.8,0.467,4.5,9.1,0.493,0.6,1.7,0.328,3.4,5.3,0.638,2.5,5.5,8,1.5,1.2,1.8,1.8,2.4,14,,8.42,24.9,0.526,0.493,0.156,0.489,1047,9.8,19.9,15.1,9.5,2.4,5.9,11.9,25.4,,6.2,5.5,11.8,0.204,,3.5,5.4,8.9
79,Ramon Sessions,Nevada,,97,94,29.2,3.2,7.6,0.417,2.9,6.7,0.43,0.3,0.8,0.313,2.2,3,0.74,1,3.2,4.2,4.9,1.2,0.1,2.6,1.3,8.8,,2.12,,0.488,0.434,0.109,0.392,,,,8.2,31,,0.3,22.2,19.9,,1.3,5.9,7.2,0.102,,,,
80,Tyler Hansbrough,UNC,,142,141,30.9,6.6,12.3,0.536,6.5,12.1,0.541,0.1,0.3,0.316,6.9,8.7,0.791,3.4,5.2,8.6,1.1,1.3,0.5,2.1,2.5,20.2,,8.39,,0.613,0.539,0.022,0.708,,,,15.1,6.2,,1,11.3,27.2,,17.2,11.3,28.5,0.26,,,,
81,Marcus Smart,Oklahoma State,,64,63,33.1,4.9,11.9,0.413,3.5,7.3,0.488,1.4,4.6,0.295,5.5,7.3,0.751,1.5,4.4,5.9,4.5,2.9,0.6,3,2.9,16.6,,7.53,25.4,0.542,0.47,0.388,0.612,1126,5.2,15.1,10.3,28.4,5.2,2.1,16.4,28.2,,5.6,5.4,11,0.207,,6.6,6.1,12.7
82,Terrence Williams,Louisville,,140,127,32.2,4.1,10.3,0.4,2.7,6,0.457,1.4,4.4,0.32,1.5,2.6,0.589,1.5,5.5,6.9,3.9,1.5,0.6,2.4,1.9,11.2,,7.65,,0.484,0.467,0.422,0.254,,,,11,21.4,,1.3,16.9,20.6,,1.9,13.5,15.3,0.136,,,,
83,Lance Stephenson,Cincinnati,,34,32,28.2,4.8,10.8,0.44,4.3,8.7,0.495,0.5,2.1,0.219,2.3,3.5,0.664,1.9,3.5,5.4,2.5,0.9,0.2,2.4,1.9,12.3,,8.45,,0.493,0.462,0.198,0.323,413,7.3,14,10.6,19.1,1.9,0.7,16,26.2,,1.4,1.3,2.8,0.116,,,,
84,Delonte West,St. Joseph's,,89,56,26.8,5.1,10.3,0.489,3.8,7,0.544,1.3,3.4,0.377,2.5,3,0.831,1,3.2,4.2,3,1.4,0.2,2,1.9,13.9,,4,,0.59,0.551,0.326,0.29,,,,,,,,14.4,,,7.8,5.1,12.9,0.216,,,,
85,Randy Foye,Villanova,,131,128,31.3,5.2,13.1,0.399,3.6,8.1,0.441,1.6,4.9,0.329,3,3.8,0.781,1.4,3.4,4.8,3.2,1.5,0.4,2.9,2.7,15,,8.37,,0.505,0.461,0.378,0.291,,,,8.6,23.2,,0.9,16.3,28.6,,4.7,8.5,13.2,0.129,,,,
86,Robert Sacre,Gonzaga,,136,111,21.7,3,6,0.504,3,5.9,0.505,0,0,0.25,3.3,4.5,0.735,1.8,3.2,5,0.7,0.5,1.4,1.6,2.3,9.3,,3.36,22,0.575,0.504,0.005,0.756,1142,10.3,17.2,13.7,6.1,1.4,6.7,16.6,22.8,,7.1,5.9,13,0.176,,1.5,4.7,6.2
87,JaVale McGee,Nevada,,66,31,18.7,3.5,6.5,0.542,3.3,5.9,0.563,0.2,0.7,0.356,1.4,2.7,0.514,1.7,3,4.8,0.3,0.5,1.8,1.6,2,8.7,,0.49,,0.557,0.56,0.104,0.405,,,,14.5,3.9,,6.5,16.9,25.1,,2.4,3.2,5.6,0.183,,,,
88,Brandon Roy,Washington,,103,71,27.5,5.2,10.1,0.512,4.7,8.6,0.541,0.5,1.5,0.344,3.5,4.5,0.765,1.8,3.2,5,3,1,0.5,2.1,2.1,14.3,,6.83,,0.585,0.537,0.148,0.45,,,,10.5,20.1,,1.2,14.7,23.8,,7.8,5.5,13.3,0.188,,,,
89,Greg Oden,Ohio State,,32,31,28.9,5.9,9.6,0.616,5.9,9.6,0.616,0,0,,3.8,6.1,0.628,3.5,6,9.6,0.7,0.6,3.3,2,2.7,15.7,,9.03,,0.626,0.616,0,0.638,,,,,,,,13.8,,,3.6,4.6,8.2,0.355,,,,
90,Alec Burks,Colorado,,68,67,30.9,6.2,12.6,0.495,5.5,10.4,0.533,0.7,2.2,0.313,5.9,7.3,0.804,2.2,3.6,5.8,2.4,1.1,0.4,2.3,2.4,19,,6.65,27.8,0.592,0.522,0.175,0.579,1260,8.8,13.7,11.3,17,2.1,1.2,12.6,30,,9.2,1.6,10.8,0.206,,7.3,-0.1,7.2
91,John Henson,UNC,,109,82,23.8,4.4,8.8,0.497,4.3,8.5,0.505,0,0.2,0.208,1.6,3.2,0.484,2.5,5.7,8.1,1,0.6,2.5,1.5,1.5,10.3,,9.01,23.3,0.501,0.5,0.025,0.365,1067,10.8,24.4,17.6,7.8,1.5,10.3,12.9,22.7,,4.1,6.7,10.7,0.166,,0.9,8.6,9.5
92,Cole Aldrich,Kansas,,111,71,21,3.5,6.1,0.574,3.5,6.1,0.574,0,0,,2.3,3.2,0.729,2.3,5.5,7.7,0.6,0.5,2.3,1.2,2.1,9.4,,8.12,,0.612,0.574,0,0.515,400,13.6,25.4,20.5,6.5,1.6,9.9,13.6,21,,7.4,9,16.5,0.282,,,,
93,Avery Bradley,Texas,,34,32,29.5,4.7,10.8,0.432,3.4,7.5,0.457,1.2,3.3,0.375,1.1,1.9,0.545,1,1.9,2.9,2.1,1.3,0.5,1.5,2.4,11.6,,7.38,,0.496,0.489,0.304,0.179,374,3.5,6.6,5.1,12.4,2.4,1.6,11.5,20.4,,1.6,1.6,3.2,0.127,,,,
94,Tim Hardaway,Michigan,,107,107,33.3,4.9,11.6,0.425,3,6.1,0.5,1.9,5.5,0.343,2.6,3.6,0.724,0.6,3.5,4.1,2.1,0.7,0.3,1.7,2,14.3,,9.9,18.3,0.539,0.507,0.475,0.308,1416,2.2,13.7,7.9,13.1,1.4,1,11.4,25.2,,8,4.3,12.3,0.138,,4.1,1.2,5.3
95,Orien Greene,Overall,,104,58,24.7,2.5,6.1,0.409,1.5,3.1,0.497,0.9,3,0.316,1.1,1.6,0.726,0.9,2.5,3.4,3.1,2,0.3,2.1,2.8,7,,4.55,,0.516,0.486,0.487,0.26,,,,10.1,21.5,,0.9,23.9,21.2,,2.3,5.9,8.2,0.128,,,,
96,Taj Gibson,USC,,105,104,32.7,4.8,8.2,0.58,4.8,8.2,0.58,0,0,,2.9,4.6,0.629,2.9,5.6,8.5,1.4,0.7,2.4,2.5,3.1,12.4,,8.54,,0.597,0.58,0,0.557,,,,14.8,8.4,,5.5,19.2,19.2,,8.4,10.1,18.5,0.215,,,,
97,Mardy Collins,Temple,,125,124,37.5,5.7,14.4,0.399,4.3,9.4,0.457,1.5,5,0.292,2.4,3.9,0.624,1.2,3.3,4.6,3.2,2.3,0.2,2,2.3,15.4,,5.33,,0.473,0.45,0.347,0.268,,,,6.9,22.6,,0.6,11.2,26.1,,1.4,11.8,13.2,0.113,,,,
98,Earl Clark,Louisville,,104,63,26.7,4,8.6,0.467,3.5,6.8,0.512,0.5,1.8,0.298,2,3.2,0.64,2.1,4.9,7,1.7,0.9,1.2,2.1,1.7,10.6,,8.03,,0.524,0.498,0.21,0.366,,,,16.1,9.7,,4.3,17.5,22.7,,3.6,9.8,13.4,0.193,,,,
99,Thaddeus Young,Georgia Tech,,31,31,29.6,5.7,11.9,0.478,4.5,8.9,0.498,1.3,3,0.419,1.7,2.3,0.743,2.3,2.5,4.9,2,1.3,0.4,2.2,2,14.4,,9.36,,0.552,0.531,0.251,0.189,,,,,,,,14.2,,,1.8,1.5,3.3,0.145,,,,
100,Zach LaVine,UCLA,,37,1,24.4,3.4,7.8,0.441,2.1,4.3,0.494,1.3,3.5,0.375,1.3,1.8,0.691,0.5,2.1,2.5,1.8,0.9,0.2,1.1,2,9.4,,7.62,14.6,0.545,0.524,0.444,0.236,324,2.4,9.5,6.1,12.6,2.1,0.8,11.6,20.1,,1.4,1.2,2.5,0.111,,2.8,0.7,3.5
101,Shannon Brown,Michigan State,,97,89,28,4.3,9.4,0.457,3.2,6.3,0.503,1.1,3.1,0.364,2.5,3,0.831,1,2.4,3.4,1.9,1.3,0.1,2,1.9,12.2,,7.69,,0.565,0.518,0.332,0.319,,,,7.7,14,,0.3,15.8,23.8,,5.9,2.8,8.7,0.128,,,,
102,Greivis Vasquez,Maryland,,136,123,33.6,5.5,13,0.425,3.8,7.9,0.487,1.7,5.1,0.329,3.2,3.9,0.828,1,3.8,4.8,5.7,1.4,0.3,3.3,2.2,16,,7.95,,0.537,0.49,0.395,0.3,671,3.8,10.2,7.6,32.7,2.8,0.7,18.2,26,,9.5,7.9,17.4,0.153,,,,
103,Quincy Douby,Rutgers,,95,64,32.1,6.1,14.1,0.432,3.5,7.3,0.473,2.6,6.8,0.389,2.9,3.6,0.82,0.7,2.2,2.9,2.7,1.3,0.7,2.2,1.8,17.8,,6.93,,0.562,0.526,0.481,0.251,,,,5.7,21.5,,1.5,12,31,,8.7,4.6,13.3,0.175,,,,
104,Kawhi Leonard,San Diego State,,70,69,31.9,5.4,12,0.449,4.8,9.7,0.497,0.6,2.3,0.25,2.8,3.7,0.744,3.3,6.9,10.2,2.2,1.4,0.6,2.2,2.5,14.1,,5.29,25,0.513,0.473,0.195,0.312,1014,12.6,25,19,14.4,2.7,2.2,13.7,26,,6.1,5.7,11.8,0.211,,3.9,5.2,9.1
105,Nick Young,USC,,96,90,31.1,5.8,11.9,0.484,4.8,9.2,0.518,1,2.7,0.368,3,3.9,0.764,1.7,3.3,5.1,1.4,0.8,0.3,2.1,2.5,15.5,,6.92,,0.563,0.525,0.226,0.326,,,,11.6,11.7,,0.5,13.4,27.1,,7.3,3.7,10.9,0.146,,,,
106,Anthony Bennett,UNLV,,35,31,27.1,5.8,10.8,0.533,4.7,8.1,0.587,1,2.7,0.375,3.5,5.1,0.701,2.5,5.7,8.1,1,0.7,1.2,1.9,2.3,16.1,,5.71,28.3,0.609,0.58,0.253,0.467,488,10.3,24,17.1,8.8,1.5,4.6,12.3,27.5,,3.5,2.2,5.7,0.238,,5.3,3.2,8.5
107,Doug McDermott,Creighton,,145,145,31.5,7.9,14.3,0.55,6,10.2,0.587,1.9,4.1,0.458,4.1,4.9,0.831,1.9,5.6,7.5,1.3,0.2,0.1,2.2,1.8,21.7,,4.29,30.2,0.652,0.616,0.288,0.345,2684,8.2,20.6,14.8,10.4,0.5,0.3,11.7,32.3,,21.6,5.2,26.8,0.235,,8,-1.5,6.5
108,James Anderson,Oklahoma State,,101,99,32.8,5.8,12.6,0.46,3.5,6.6,0.536,2.2,5.9,0.375,4.2,5.2,0.797,1.9,3.1,5.1,1.6,1.1,0.6,2.1,2.1,17.9,,7.36,,0.596,0.549,0.473,0.416,698,6.7,12.9,9,11,2.4,1.6,12.3,26.3,,11.6,4.4,16,0.193,,,,
109,George Hill,IUPUI,,95,87,33.3,5.6,10.7,0.529,4.7,8.3,0.565,0.9,2.3,0.404,4.8,6.1,0.785,1.9,3.8,5.8,3.3,1.6,0.3,2.5,2.8,17,,-3.26,,0.628,0.574,0.22,0.575,,,,11,22.3,,0.7,15.7,25.8,,12,5.1,17.1,0.217,,,,
110,Nate Robinson,Washington,,89,66,28.2,5,11,0.457,3.6,6.9,0.523,1.4,4.1,0.348,3,3.7,0.793,1.6,2.3,3.9,3.2,1.6,0.1,2,2.6,14.4,,7.12,,0.566,0.523,0.374,0.342,,,,7.8,20.5,,0.2,13.3,23.7,,5.9,3.4,9.3,0.149,,,,
111,Xavier Henry,Kansas,,36,36,27.5,4.5,9.8,0.458,2.6,5.3,0.492,1.9,4.6,0.418,2.5,3.2,0.783,1.2,3.2,4.4,1.5,1.5,0.5,1.9,1.8,13.4,,8.25,,0.591,0.555,0.466,0.325,430,5.2,11.5,8.6,9.8,3.1,1.8,14.4,23.4,,2.8,2.1,4.9,0.197,,,,
112,Jimmer Fredette,BYU,,139,102,29.6,6,13.3,0.455,3.9,7.8,0.497,2.1,5.4,0.394,4.5,5.1,0.882,0.5,2.1,2.6,3.7,1.2,0.1,2.5,1.2,18.7,,3.56,30.7,0.596,0.535,0.408,0.386,1723,2.4,8.3,5,26.3,2.1,0.3,13.8,30.5,,16.8,6.2,23,0.223,,10.2,-0.7,9.5
113,Alex Len,Maryland,,60,48,24.5,3.8,7,0.538,3.7,6.8,0.548,0,0.2,0.111,2.2,3.3,0.663,2.4,4.5,7,0.8,0.2,2.1,1.6,2.6,9.7,,5.32,22.1,0.569,0.539,0.022,0.476,565,11.8,21.2,16.5,7.2,0.5,8.6,15.4,20.7,,3.5,2.6,6.1,0.165,,1.5,5.2,6.6
114,Isaiah Canaan,Murray State,,132,83,29.4,4.8,10.7,0.45,2.5,5.2,0.483,2.3,5.5,0.419,3.6,4.5,0.803,0.6,2.2,2.8,2.9,1.2,0.1,2.4,1.8,15.5,,-3.56,22.9,0.606,0.558,0.514,0.42,1930,2.4,9.3,5.9,22.2,2.4,0.3,15.5,26.7,,14.3,6.1,20.4,0.21,,5.9,-1.2,4.7
115,Sean May,UNC,,77,75,27.8,5.7,11.2,0.513,5.7,11.1,0.519,0,0.1,0,4.3,6,0.717,3.5,6.5,10,1.5,1.3,1.2,2.4,2.4,15.8,,11,,0.562,0.513,0.013,0.532,,,,19.7,10.1,,2.9,14.6,26.7,,5.2,7,12.2,0.229,,,,
116,Dion Waiters,Syracuse,,71,0,20.4,3.5,7.7,0.453,2.5,4.9,0.513,1,2.8,0.348,1.8,2.3,0.753,0.4,1.5,1.9,2,1.5,0.2,1.1,1.6,9.7,,8.4,23.3,0.551,0.516,0.362,0.303,642,2.5,8.5,5.5,19.7,4.4,1.3,11.1,25,,4.4,2.7,7.1,0.198,,6,2.2,8.2
117,Luke Babbitt,Nevada,,68,68,34.9,6.5,13.6,0.48,5.4,11,0.494,1.1,2.6,0.421,5.2,5.8,0.893,2,6.2,8.1,1.8,0.9,0.8,2.1,2.2,19.4,,1.98,,0.591,0.52,0.192,0.424,697,6.6,19.4,13.4,11,1.6,1.9,11.6,26.8,,8.4,3.6,12,0.202,,,,
118,Trevor Booker,Clemson,,134,134,28.4,5.1,9.2,0.559,5,8.6,0.574,0.2,0.5,0.324,2.4,3.9,0.624,3,4.9,7.9,1.7,1.1,1.9,1.9,2.3,12.9,,7.85,,0.584,0.569,0.058,0.428,482,10.1,20.4,16.4,14,2.5,4.8,15,23.3,,10.5,13.3,23.8,0.25,,,,
119,Bernard Robinson,Michigan,,120,104,30.6,4.6,10.4,0.44,4,8.5,0.472,0.6,1.9,0.297,2.8,3.4,0.814,1.3,4,5.3,3,1.4,0.4,2.9,2.5,12.5,,8.4,,0.52,0.467,0.185,0.33,,,,10.6,21.9,,1.4,19.6,24.8,,4.7,4.8,9.6,0.105,,,,
120,Brandon Bass,LSU,,59,58,34.2,5.1,9.5,0.54,4.8,8.7,0.554,0.3,0.8,0.378,4.6,5.8,0.78,2.6,5.6,8.2,0.7,0.8,1.8,1.8,2.2,15.1,,7.18,,0.616,0.555,0.081,0.617,,,,16.1,5.5,,3.3,13.1,23.2,,6.2,3.9,10,0.198,,,,
121,Ben McLemore,Kansas,,37,36,32.2,5.4,10.8,0.495,3.4,6.1,0.553,2,4.7,0.42,3.2,3.7,0.87,1.3,3.9,5.2,2,1,0.7,2.1,1.9,15.9,,7.54,23.2,0.633,0.586,0.435,0.345,530,5,13.2,9.4,12.6,1.8,2.2,14.2,23.2,,4.2,2.3,6.5,0.217,,7.3,2.9,10.2
122,DeMarre Carroll,Overall,,134,89,24.5,4.5,8.4,0.535,4.3,7.6,0.559,0.2,0.7,0.281,2.1,3.5,0.603,2.4,3.6,6,1.6,1.1,0.4,1.3,2.3,11.2,,7.11,,0.562,0.547,0.086,0.416,,,,14,13.7,,1.2,11.7,22.1,,7,7.9,14.9,0.181,,,,
123,Craig Smith,Boston College,,130,127,34,7.1,12.7,0.558,7,12.2,0.572,0.1,0.5,0.239,3.8,5.9,0.643,3,5.6,8.6,1.9,1.3,0.8,2.3,2.9,18.1,,6.73,,0.583,0.563,0.041,0.463,,,,14.5,11,,1.4,12.7,27,,13.2,10.2,23.4,0.212,,,,
124,D.J. Augustin,Texas,,73,73,36.5,5.4,12.2,0.443,3.8,8.2,0.463,1.6,4.1,0.402,4.4,5.5,0.808,0.6,2.3,2.9,6.2,1.4,0,3,1.9,16.9,,7.35,,0.569,0.51,0.331,0.447,,,,4.2,34.3,,0.2,16.9,20.9,,6.2,4.5,10.7,0.161,,,,
125,Wesley Johnson,Overall,,93,90,31.6,5,10.9,0.454,3.6,6.9,0.516,1.4,4,0.349,2.6,3.3,0.768,2.2,4.7,7,1.6,1.1,1.2,2.2,2.3,13.9,,6.79,,0.555,0.518,0.367,0.306,538,7.6,18.3,11.6,11.9,2.7,4,14.7,24.3,,5.9,6.3,12.3,0.167,,,,
126,Kyle Anderson,UCLA,,71,70,31.6,4.3,9.4,0.452,3.8,8.1,0.465,0.5,1.4,0.375,3.1,4.3,0.736,1.7,7,8.7,5,1.8,0.8,2.6,1.9,12.2,,7.72,22.6,0.531,0.479,0.143,0.452,991,6.1,25.3,15.9,28,3.2,2.8,18.4,22.2,,4.6,4.8,9.3,0.167,,3.7,6.3,10
127,Robin Lopez,Stanford,,67,61,24.3,3.5,6.9,0.511,3.5,6.9,0.511,0,0,0.5,1.9,3.1,0.612,2.6,3.1,5.6,0.8,0.3,2.3,1.6,2.5,9,,8,,0.535,0.512,0.004,0.452,,,,13.3,6.6,,6.9,16.3,21.1,,2.2,6,8.2,0.201,,,,
128,MarShon Brooks,Providence,,113,56,25.3,5.2,11.2,0.464,3.8,7,0.543,1.4,4.2,0.333,2.6,3.6,0.739,1.6,2.7,4.3,1.5,1.1,0.7,1.8,2,14.4,,7.44,25.8,0.559,0.526,0.375,0.318,1118,6.4,12.3,9.3,13.5,2.5,2.5,12.4,27.9,,8.4,2.6,11,0.154,,8.4,1.2,9.5
129,Hakim Warrick,Syracuse,,135,119,31,5.7,10.6,0.536,5.6,10.3,0.544,0.1,0.3,0.25,3.9,5.9,0.659,2.9,4.7,7.6,1.5,1,0.9,2.3,2.4,15.4,,7.34,,0.572,0.539,0.028,0.561,,,,12.8,10.4,,2,14.7,25.5,,10.8,10,20.9,0.199,,,,
130,Joey Graham,Overall,,128,109,26.1,4.7,8.8,0.527,4.1,7.4,0.557,0.6,1.5,0.378,3.1,3.9,0.809,1.6,3.6,5.2,1.6,0.8,0.3,2.2,2.9,13,,1.32,,0.609,0.559,0.166,0.439,,,,12.8,13.5,,0.4,16.9,27.7,,11,5.1,16.1,0.193,,,,
131,Steve Novak,Marquette,,126,89,27,3.8,8.4,0.456,1,2.3,0.443,2.8,6.1,0.461,1.9,2.1,0.931,1,3.2,4.2,1,0.5,0.1,1.1,2,12.4,,6.07,,0.66,0.622,0.722,0.245,,,,9.1,8,,0.2,10.2,20.2,,13.1,3.2,16.3,0.191,,,,
132,Daniel Ewing,Duke,,138,79,27.7,3.9,9,0.432,2.3,5,0.464,1.6,4,0.392,2.2,2.9,0.746,0.8,1.9,2.8,2.1,1.4,0.2,1.9,2.6,11.6,,9.61,,0.554,0.519,0.445,0.325,,,,5.5,10.2,,0.3,15.2,20.8,,7.1,6.4,13.5,0.141,,,,
133,Eric Maynor,VCU,,130,104,30.7,5,11.2,0.449,3.9,8.3,0.477,1.1,3,0.37,3.9,4.9,0.791,0.5,2.9,3.4,5.2,1.3,0.2,2.4,2,15,,-0.76,,0.555,0.498,0.264,0.437,,,,6.4,36.3,,0.3,15.3,26.3,,9.8,7.9,17.7,0.177,,,,
134,Elfrid Payton,Louisiana,,100,78,31.6,5,10.3,0.485,4.7,9.2,0.512,0.3,1.1,0.268,3.9,6.5,0.611,1.5,3.6,5.1,4.9,2,0.5,3.4,2.3,14.3,,-1.6,21.3,0.533,0.5,0.109,0.625,1566,5.2,13.5,9.2,32,3.5,1.6,20.1,25.6,,6.1,4.9,10.9,0.139,,2.1,1.9,4
135,Jordan Hill,Arizona,,97,79,27,5.1,8.8,0.578,5.1,8.8,0.578,0,0,,2.3,3.6,0.636,2.8,5.1,7.9,0.8,0.5,1.4,2,2.7,12.5,,9.93,,0.593,0.578,0,0.405,,,,18,7,,4,15.7,24.4,,7.1,5,12.1,0.185,,,,
136,Jeff Pendergraph,Arizona State,,126,120,30.2,4.8,8.4,0.58,4.8,8.3,0.585,0,0.1,0,2.9,3.8,0.764,2.7,4.8,7.5,0.8,0.5,1,1.8,3.1,12.6,,7.3,,0.62,0.58,0.009,0.454,,,,16.1,6.7,,2.8,15.3,22.3,,12,7.2,19.1,0.201,,,,
137,Tyler Zeller,UNC,,117,75,23,4.7,8.6,0.543,4.7,8.6,0.544,0,0,0,3.5,4.5,0.775,2.7,4,6.7,0.6,0.7,1.1,1.4,2.3,12.8,,8.85,27.3,0.597,0.543,0.002,0.52,1328,12.3,18.1,15.1,4.9,1.6,4.6,11.6,24.1,,9.9,5.6,15.5,0.231,,6.1,4.6,10.7
138,Acie Law,Texas A&M,,122,106,30.8,5,10.6,0.466,4,8,0.502,0.9,2.6,0.357,2.8,3.7,0.76,0.5,2.6,3.1,4.5,1.3,0,2.5,2.6,13.7,,4.53,,0.551,0.51,0.246,0.35,,,,5.7,31.8,,0,16.5,25.3,,7.9,5.7,13.6,0.145,,,,
139,Reggie Bullock,UNC,,100,53,24.6,3.6,8.2,0.439,1.7,3.3,0.517,1.9,4.9,0.387,0.9,1.2,0.72,1.6,3.4,5,1.7,0.9,0.2,0.9,1.2,9.9,,8.41,19.5,0.568,0.555,0.596,0.145,920,6.6,15.5,10.8,12.1,2,0.8,9.7,18.2,,6.8,4,10.8,0.176,,6.9,3,9.9
140,Iman Shumpert,Georgia Tech,,92,91,31.3,4.2,10.6,0.396,3,6.7,0.45,1.2,4,0.305,3.1,4.1,0.738,1.1,3.4,4.5,4.2,2.3,0.2,3,2.7,12.7,,7.34,19.9,0.503,0.453,0.373,0.39,854,4.6,12.9,7.9,26.5,4.3,0.6,19.5,23.9,,4.1,5.5,9.7,0.135,,6.3,3.4,9.8
141,Jerryd Bayless,Arizona,,30,30,35.7,5.8,12.6,0.458,3.8,7.8,0.489,2,4.8,0.407,6.2,7.4,0.839,0.4,2.3,2.7,4,1,0.1,3,2.2,19.7,,10.22,,0.612,0.536,0.384,0.59,,,,4.9,25,,0.2,15.5,29.2,,4,0.8,4.8,0.178,,,,
142,Ryan Anderson,California,,66,66,33,6.3,13.1,0.484,4.5,8.5,0.532,1.8,4.7,0.396,4.2,5,0.841,2.7,6.3,9,1,0.5,0.5,1.8,2.5,18.7,,8.56,,0.605,0.554,0.356,0.379,,,,17.9,9.7,,1.1,10.6,29.4,,7.5,2.7,10.2,0.188,,,,
143,Marcus Morris,Kansas,,109,90,24,4.7,8.4,0.555,4.3,7.3,0.585,0.4,1.1,0.358,2.9,4.3,0.66,2.4,3.8,6.2,1.3,0.9,0.4,1.6,2.6,12.6,,7.92,27.5,0.601,0.579,0.134,0.514,1029,12.1,16.7,14.6,10.2,1.9,1.8,13.1,24.5,,9.4,5.8,15.2,0.232,,7.8,3.4,11.2
144,Tyler Ennis,Syracuse,,34,34,35.7,4.4,10.6,0.411,3.5,8.1,0.429,0.9,2.5,0.353,3.4,4.4,0.765,0.8,2.6,3.4,5.5,2.1,0.2,1.7,2,12.9,,7.25,21.3,0.511,0.453,0.236,0.414,480,2.6,9,5.7,32.3,3.9,0.7,11.9,21.9,,3.2,2.2,5.5,0.18,,5.4,2.3,7.7
145,David Lee,Florida,,127,95,25,4.3,7.4,0.581,4.3,7.3,0.584,0,0,0,2.8,4,0.681,2.2,4.6,6.8,2,0.9,0.9,2.1,2.2,11.3,,8.11,,0.609,0.581,0.006,0.55,,,,16.3,17.3,,2.4,18.2,23.5,,9.6,8.4,18,0.227,,,,
146,Joe Harris,Virginia,,135,128,30.3,4.2,9.5,0.445,2.3,4.7,0.484,1.9,4.8,0.407,2.2,3.1,0.722,0.9,2.9,3.8,1.9,0.9,0.4,1.6,2.3,12.6,,5.72,19.3,0.577,0.548,0.506,0.324,1555,3.7,12.4,8.1,14.6,1.9,1.4,12.6,23.6,,10,7.8,17.8,0.174,,5.4,2.4,7.8
147,Carl Landry,Purdue,,64,63,29.9,6.3,10.5,0.602,6.1,9.8,0.628,0.2,0.7,0.233,5.6,7.9,0.714,3,4,7.1,1.2,1,0.8,2.9,3,18.4,,8.86,,0.647,0.61,0.064,0.752,,,,14.7,10.6,,2.2,16.9,29.4,,9.8,4.3,14,0.293,,,,
148,Markieff Morris,Kansas,,109,43,19.3,3.1,5.7,0.553,2.8,4.8,0.579,0.3,0.9,0.404,1.9,2.9,0.653,2,4.1,6.1,1.2,0.6,0.9,1.6,2.7,8.5,,7.92,25.7,0.603,0.583,0.152,0.504,733,13,22.9,17.7,10.9,1.7,4.8,18.4,21.8,,5.5,5.5,10.9,0.208,,6.7,5.6,12.3
149,Kentavious Caldwell-Pope,Georgia,,64,60,33,5.3,12.7,0.415,3,5.9,0.504,2.3,6.9,0.339,2.9,3.9,0.752,1.3,4.8,6.1,1.5,1.9,0.4,1.6,2.2,15.8,,7.02,24,0.543,0.507,0.539,0.307,902,4.6,18.8,11.5,13.3,3.8,1.6,9.7,27,,5.8,3.8,9.6,0.182,,6.9,2.4,9.3
150,Andrew Nicholson,St. Bonaventure,,123,118,29.9,6.6,11.4,0.575,6.3,10.8,0.586,0.2,0.6,0.377,3.7,5.1,0.72,2.2,5,7.2,0.7,0.5,2,2.4,3,17.1,,1.35,27.7,0.616,0.585,0.055,0.45,1499,8.9,20.5,14.9,7.4,0.9,6,14.8,29.1,,12.7,5.9,18.5,0.202,,3.9,1.4,5.3
151,Marreese Speights,Florida,,69,36,15.4,4,6.2,0.633,4,6.2,0.633,0,0,,1.6,2.3,0.688,1.9,3.6,5.4,0.5,0.3,0.9,1.1,1.7,9.5,,6.16,,0.647,0.633,0,0.371,,,,,,,,13.5,,,4.9,3.9,8.9,0.333,,,,
152,Chase Budinger,Arizona,,100,100,35.4,6,12.8,0.469,4.1,7.8,0.524,1.9,5,0.383,3.1,4,0.782,1.4,4.4,5.8,2.8,1.3,0.4,2.1,1.8,17,,9.93,,0.58,0.544,0.389,0.31,,,,10,16.8,,0.7,12.8,24.8,,9.2,3.8,13,0.147,,,,
153,Mike Scott,Virginia,,130,106,26.6,4.5,8.6,0.521,4.4,8.3,0.528,0.1,0.3,0.364,2.7,3.5,0.775,2.6,4.7,7.3,1,0.7,0.4,1.6,2,11.8,,6.34,26.6,0.575,0.529,0.039,0.405,1001,10.4,24.2,16.6,8.9,1.3,1.4,13.6,24.1,,8.9,6.7,15.5,0.18,,4.8,2.5,7.2
154,Ben Gordon,UConn,,106,74,31,5.6,12.7,0.44,3.2,7.2,0.452,2.3,5.5,0.423,3.5,4.4,0.795,0.8,3.1,3.9,4.1,1.2,0.2,2.8,2.3,16.9,,7.61,,0.574,0.531,0.433,0.346,,,,6.6,24.7,,0.3,16.2,26.7,,9.6,6.1,15.7,0.191,,,,
155,Kevin Martin,Western Carolina,,79,77,31.8,7.2,15.5,0.462,4.9,9.1,0.542,2.2,6.4,0.346,6.8,8,0.841,0.9,3.5,4.5,1.7,1.7,0.4,2.9,2.1,23.3,,-3.74,,0.602,0.533,0.411,0.519,,,,7.9,10.2,,0.7,13.2,28.3,,11.2,2.6,13.7,0.218,,,,
156,Dwight Powell,Stanford,,136,105,26.2,3.8,8.2,0.464,3.5,7.3,0.484,0.2,0.8,0.289,3,4.1,0.722,1.7,4.6,6.3,1.8,0.9,0.9,2.1,2.9,10.8,,6.38,19.4,0.533,0.479,0.103,0.502,1482,7.4,21.9,14.3,14.6,2.1,3.5,17.1,23.8,,6.1,6.9,13,0.146,,1.4,4.7,6
157,Adam Morrison,Gonzaga,,95,62,30.6,7,14,0.503,5.7,10.3,0.551,1.3,3.7,0.368,4.2,5.5,0.761,1.3,3.8,5.1,2,0.7,0.4,1.7,1.7,19.7,,4.24,,0.591,0.552,0.262,0.397,,,,9.4,17.4,,0.9,9.4,26.7,,10.5,3.6,14.1,0.193,,,,
158,Antoine Wright,Texas A&M,,87,83,32.1,5.4,13,0.412,3.3,7.5,0.439,2.1,5.5,0.376,2.6,4,0.648,1.4,4.2,5.6,2.1,1.1,0.6,2.3,2.6,15.4,,5.15,,0.516,0.492,0.425,0.303,,,,7.8,16.4,,0.7,13.2,26,,3.8,4.6,8.5,0.121,,,,
159,Tyreke Evans,Memphis,,37,35,29,6.2,13.6,0.455,5.3,10.3,0.514,0.9,3.4,0.274,3.7,5.2,0.711,1.3,4.1,5.4,3.9,2.1,0.8,3.6,2.4,17.1,,4.63,,0.529,0.489,0.246,0.384,,,,10.2,30,,2.2,18.2,33.1,,2.4,4.8,7.2,0.268,,,,
160,Jon Leuer,Wisconsin,,123,68,22.8,4.2,8.7,0.482,3.4,6.5,0.521,0.8,2.2,0.368,2,2.7,0.723,1.3,3.2,4.5,1.1,0.4,0.7,1.2,1.6,11.2,,8.06,29.2,0.559,0.529,0.253,0.309,891,6.3,21.6,12.8,12.4,1.1,3.3,10.3,28.4,,8.9,5.6,14.5,0.207,,6.3,1.9,8.3
161,Draymond Green,Michigan State,,145,66,25,3.7,8,0.467,3.1,6.3,0.496,0.6,1.7,0.361,2.3,3.4,0.687,2,5.6,7.6,2.9,1.2,0.8,1.9,2.7,10.5,,9.75,25.4,0.543,0.506,0.217,0.426,1470,9.3,26.6,18,24.6,3,3.6,16.5,23.7,,9.6,9.6,19.2,0.212,,5.9,7.3,13.1
162,Larry Sanders,VCU,,101,82,23.5,4.1,7.9,0.52,4.1,7.7,0.526,0,0.2,0.25,2.1,3.6,0.577,2.5,5.2,7.7,0.5,0.6,2.7,1.5,3.1,10.3,,-0.69,,0.538,0.523,0.02,0.456,472,12.9,24.9,18.6,5.5,1.6,10.7,13.8,23.5,,4.7,10,14.6,0.246,,,,
163,Julian Wright,Kansas,,71,52,24.1,4.4,8,0.555,4.4,7.7,0.565,0,0.2,0.188,1.5,2.5,0.591,2.1,4.2,6.3,2,1.2,1.3,2.2,2.1,10.4,,7.23,,0.566,0.557,0.028,0.32,,,,14.5,15.9,,3.8,19.2,22.8,,3.7,7.1,10.8,0.252,,,,
164,Aaron Gordon,Arizona,,38,38,31.2,5,10.1,0.495,4.6,8.9,0.513,0.4,1.2,0.356,2,4.7,0.422,2.7,5.3,8,2,0.9,1,1.4,2.4,12.4,,9.04,20.4,0.503,0.516,0.118,0.471,469,10.4,19.3,14.9,13,1.8,3.4,10.5,23.2,,2.1,3.3,5.4,0.183,,2.8,6.7,9.6
165,Julius Randle,Kentucky,,40,40,30.8,4.9,9.8,0.501,4.8,9.3,0.517,0.1,0.5,0.167,5.1,7.2,0.706,3.5,6.9,10.4,1.4,0.5,0.8,2.5,2.3,15,,9.89,24.5,0.567,0.505,0.046,0.739,599,13.3,24.7,19.2,10,1,2.6,16.1,25.4,,3.5,2.4,5.9,0.191,,4.2,3,7.1
166,Victor Oladipo,Indiana,,104,75,24.6,3.9,7.3,0.538,3.4,5.9,0.585,0.5,1.4,0.338,2.5,3.5,0.716,2,3.2,5.2,1.7,1.5,0.5,2,2.4,10.7,,7.94,24.1,0.604,0.57,0.188,0.476,1118,10.4,15.7,13.1,13.9,3.8,2.3,18,22.7,,7.8,4.9,12.7,0.198,,6.3,5,11.2
167,Cody Zeller,Indiana,,72,72,29,5.5,9.4,0.592,5.5,9.3,0.594,0,0,0,5,6.6,0.756,2.6,4.7,7.3,1.3,1.2,1.2,2,2.5,16.1,,8.09,30.6,0.643,0.592,0.003,0.705,1097,11.8,19.4,15.7,9.5,2.5,4.4,13.5,25.4,,9.9,4.2,14.1,0.271,,7.2,4.7,11.9
168,Nerlens Noel,Kentucky,,24,24,31.9,4.1,6.9,0.59,4.1,6.9,0.59,0,0,,2.3,4.3,0.529,2.7,6.8,9.5,1.6,2.1,4.4,1.9,2.6,10.5,,5.78,27.3,0.583,0.59,0,0.627,257,10.4,23.9,17.4,9.5,3.9,13.2,17.3,17.4,,1.6,2.3,3.9,0.206,,2.9,11.7,14.6
169,Paul George,Fresno State,,63,63,33.9,5.1,11.4,0.447,3.1,6.5,0.485,1.9,4.9,0.396,3.4,4.2,0.803,1.9,4.8,6.7,2.4,2,0.9,2.7,2.8,15.5,,1.13,,0.579,0.532,0.43,0.369,469,6.7,18.8,11.5,16.8,4,2.5,17.1,24.6,,5.3,3,8.3,0.155,,,,
170,Evan Turner,Ohio State,,101,94,32.8,5.3,10.6,0.502,4.8,9.1,0.525,0.5,1.5,0.362,3.8,5,0.758,1.5,5.3,6.8,4.1,1.6,0.7,3.5,2.7,15,,7.86,,0.577,0.527,0.139,0.473,682,7.3,23.5,14.1,31.4,3,2.4,21.1,30.8,,9.3,6.8,16.1,0.194,,,,
171,Bradley Beal,Florida,,37,37,34.2,4.7,10.6,0.445,3,5.6,0.541,1.7,5,0.339,3.6,4.7,0.769,1.4,5.4,6.7,2.2,1.4,0.8,2.1,2.1,14.8,,7.33,22,0.575,0.525,0.473,0.44,522,4.8,20.3,12.3,12.7,2.5,2.6,14.3,23,,3.6,2.1,5.7,0.18,,5.3,3.3,8.6
172,CJ McCollum,Lehigh,,111,108,32.9,6.9,15.7,0.439,5,10.5,0.47,2,5.2,0.377,5.5,6.7,0.825,1.5,4.8,6.3,2.7,2.1,0.5,2.4,1.8,21.3,,-5.41,29.1,0.563,0.501,0.33,0.423,2202,5.2,17,11,20.1,3.6,1.5,11.3,32.4,,13.9,6.6,20.5,0.224,,5.6,1.7,7.3
173,Wayne Ellington,UNC,,115,112,28.5,5.4,11.6,0.463,3.4,6.6,0.513,2,5,0.397,2,2.5,0.809,1.1,3,4.1,2.2,0.9,0.1,1.5,1.5,14.7,,8.59,,0.577,0.549,0.434,0.216,,,,8,12.6,,0.4,10.7,22.1,,8,5.4,13.5,0.164,,,,
174,K.J. McDaniels,Clemson,,94,61,24.3,3.9,8.6,0.45,3,5.8,0.516,0.9,2.8,0.313,2.4,3.2,0.767,1.8,3,4.8,0.9,0.9,1.9,1.5,1.8,11,,4.6,25.1,0.547,0.501,0.322,0.373,975,9.1,14.9,12,9.6,2.4,8.5,12.9,26.5,,5.6,5.1,10.7,0.186,,3.8,5.9,9.8
175,Kyle O'Quinn,Norfolk State,,129,98,27.5,4.7,8.6,0.553,4.3,7,0.62,0.4,1.6,0.261,2.6,3.8,0.685,2.6,5.9,8.5,0.9,0.5,2.2,2,2.9,12.5,,-7.19,26.1,0.602,0.577,0.188,0.44,1367,11.6,25.6,18.7,8.5,1.1,8.8,16.4,23,,9.4,6.3,15.7,0.178,,2.2,3.2,5.4
176,Michael Kidd-Gilchrist,Kentucky,,40,39,31.1,4,8.2,0.491,3.7,6.9,0.535,0.3,1.3,0.255,3.6,4.8,0.745,2.6,4.9,7.4,1.9,1,0.9,2.2,2.4,11.9,,7.93,21.2,0.57,0.511,0.156,0.589,497,10.3,17.3,14,10.8,1.9,2.8,17.3,20.6,,3.4,2.6,6,0.192,,5,4.1,9.1
177,Mason Plumlee,Duke,,141,99,25.9,3.7,6.5,0.574,3.7,6.4,0.578,0,0.1,0.2,2.4,4,0.583,2.4,5.4,7.7,1.5,0.8,1.4,2,2.5,9.8,,8.87,22,0.584,0.575,0.011,0.622,1441,10.8,23.7,17.3,11.1,1.8,5,19.2,20.2,,8.3,8.2,16.6,0.181,,3.5,6.5,10
178,Patrick Beverley,Arkansas,,70,67,34.1,4.1,9.7,0.42,2.1,4.6,0.463,2,5.2,0.382,2.8,3.9,0.73,1.2,4.4,5.5,2.8,1.5,0.4,2,2.3,13,,7.74,,0.56,0.521,0.53,0.396,,,,9.5,15.6,,0.9,14.7,19.7,,4.3,3.9,8.2,0.138,,,,
179,Nikola Vucevic,USC,,87,67,27.7,4.2,8.3,0.509,3.8,6.9,0.551,0.4,1.4,0.303,2.2,2.9,0.746,2.4,5.5,8,1.1,0.5,1.1,1.5,2.4,11.1,,7.86,24.2,0.571,0.535,0.169,0.355,884,10.8,24.5,17.7,10.1,1,4.4,13.3,22.7,,6.5,5.5,12,0.199,,5.1,4.4,9.5
180,Ekpe Udoh,Overall,,103,67,27.2,3.3,7,0.472,3.2,6.6,0.485,0.1,0.4,0.289,1.6,2.5,0.649,2.5,3.8,6.3,1.5,0.8,2.8,1.5,2.2,8.4,,7.6,,0.511,0.481,0.062,0.357,542,12.9,17.7,13.4,10.9,1.4,9.2,15.1,18.3,,3.7,7.1,10.8,0.154,,,,
181,Ray McCallum,Detroit,,102,101,34.5,5.4,11.5,0.465,4.4,8.2,0.536,1,3.3,0.29,4.2,5.8,0.723,1.2,3.5,4.8,4.4,1.7,0.3,2.3,2.1,15.9,,0.84,22.8,0.556,0.507,0.286,0.506,1668,4.2,13.1,8.4,25.9,2.9,1,13.8,23.7,,11.2,3.9,15.1,0.172,,5,-0.1,4.9
182,Kosta Koufos,Ohio State,,37,35,27.1,6,11.8,0.508,5.4,10.1,0.535,0.6,1.7,0.349,1.8,2.7,0.68,2.6,4,6.7,0.5,0.4,1.8,1.5,2.2,14.4,,7.97,,0.551,0.533,0.144,0.229,,,,,,,,10.2,,,2.3,2.9,5.3,0.211,,,,
183,Rafael Araujo,BYU,,62,62,27.4,5.9,10.4,0.567,5.7,9.8,0.587,0.2,0.7,0.268,3.1,4.5,0.691,2.9,6.6,9.5,1.2,1.4,0.6,2.9,3.4,15.1,,5.79,,0.601,0.575,0.063,0.43,,,,21.7,11,,1.8,19,29.6,,6.1,4.6,10.6,0.251,,,,
184,Spencer Hawes,Washington,,31,24,28.9,6.2,11.7,0.532,6.2,11.6,0.533,0,0.1,0.333,2.4,3.2,0.755,2,4.4,6.4,1.9,0.5,1.7,2.5,2.3,14.9,,6.5,,0.563,0.533,0.008,0.27,,,,13.2,14,,4.3,16,25.8,,2,2.4,4.4,0.198,,,,
185,Andre Roberson,Colorado,,105,65,28.3,3.6,7.1,0.516,3.2,5.7,0.555,0.5,1.4,0.35,1.9,3.2,0.582,2.9,7,10,1.1,1.6,1.4,1.7,2.6,9.6,,6.43,23.5,0.561,0.549,0.193,0.459,1058,12.6,29.2,21,8.4,3.3,5.4,16.9,19,,6.2,7.5,13.7,0.185,,3,6.5,9.5
186,Maurice Harkless,St. John's (NY),,32,32,36.1,6,13.3,0.452,5.5,10.9,0.506,0.5,2.5,0.215,2.9,4.3,0.676,2.8,5.9,8.6,1.5,1.6,1.4,2.5,2.3,15.5,,6.98,21.1,0.504,0.472,0.185,0.326,476,8.4,20.3,14,9.6,2.6,4.2,14,24.9,,1.8,1.3,3.2,0.109,,1.4,2,3.4
187,Salim Stoudamire,Arizona,,129,117,29.8,4.8,10.1,0.471,2.1,4.3,0.488,2.7,5.8,0.458,3,3.5,0.87,0.4,1.8,2.2,2,0.8,0.1,2,2.2,15.2,,9.02,,0.646,0.602,0.572,0.342,,,,4.1,13.3,,0.2,14.7,22.3,,14.1,2.8,17,0.176,,,,
188,David Harrison,Colorado,,88,82,28.2,5.6,9.2,0.601,5.6,9.2,0.602,0,0,0,3.9,7,0.553,3.4,4.6,8,0.6,0.6,2.6,2.4,3.4,15,,6.73,,0.596,0.601,0.001,0.754,,,,,,,,16.1,,,7.7,6.7,14.4,0.232,,,,
189,Ike Diogu,Arizona State,,91,91,35.1,6.8,11.9,0.571,6.3,10.7,0.591,0.5,1.2,0.387,7.4,9.4,0.786,3.4,5.5,8.8,1.2,0.4,1.7,3.4,2.8,21.4,,6.66,,0.655,0.59,0.098,0.791,,,,14.6,9.3,,3.9,17,27.6,,15,5.5,20.5,0.257,,,,
190,Brandon Knight,Kentucky,,38,38,35.9,5.7,13.5,0.423,3.4,7.4,0.461,2.3,6.1,0.377,3.6,4.5,0.795,0.7,3.4,4,4.2,0.7,0.2,3.2,2.2,17.3,,8.91,19.3,0.553,0.508,0.45,0.333,652,2.2,10.2,6.3,23.4,1.1,0.6,16.8,27,,3.6,1.8,5.3,0.157,,5.4,0.5,5.9
191,John Jenkins,Vanderbilt,,98,74,30.6,5.3,11.2,0.468,2.1,4.1,0.521,3.1,7.1,0.438,3.3,3.8,0.856,0.4,2.3,2.7,1.1,0.7,0.3,1.3,1.2,16.9,,7.59,23.6,0.648,0.607,0.634,0.339,1389,1.7,8.4,5.2,8.2,1.3,0.9,9.2,24.2,,12.5,3,15.5,0.206,,9.6,-0.6,8.9
192,Chris Paul,Wake Forest,,63,62,33.5,4.4,9.3,0.472,3,6.4,0.473,1.4,2.9,0.47,4.9,5.8,0.838,0.7,3.2,3.9,6.3,2.5,0.2,2.7,2.6,15,,10.65,,0.622,0.545,0.311,0.62,,,,6.6,32.3,,0.4,18.3,20.6,,6.3,3.1,9.4,0.178,,,,
193,Luol Deng,Duke,,37,32,31.1,5.7,11.9,0.476,4.6,8.9,0.515,1.1,3,0.36,2.6,3.7,0.71,2.2,4.7,6.9,1.8,1.3,1.1,2.2,2.2,15.1,,10.86,,0.551,0.522,0.252,0.313,,,,12.6,11.8,,2.3,14.1,24.7,,2.4,3.2,5.6,0.195,,,,
194,Klay Thompson,Washington State,,98,96,34.4,6.1,14.4,0.424,3.6,8.1,0.45,2.5,6.3,0.39,3.2,3.9,0.827,0.9,3.9,4.8,2.6,1.3,0.8,2.9,2.5,17.9,,6.32,23.6,0.55,0.509,0.438,0.27,1250,3.3,13.8,8.7,20.3,2.6,2.7,15.3,31.9,,7.9,5.5,13.4,0.159,,6.8,3.2,10.1
195,Mike Muscala,Bucknell,,133,118,28.7,5.4,10.8,0.501,5.3,10.3,0.51,0.2,0.5,0.313,4.3,5.2,0.819,2.3,6,8.2,1.6,0.4,2,1.6,2.3,15.3,,-3.94,29.5,0.574,0.508,0.046,0.482,1962,10.1,24.9,17.8,13.7,0.9,7.9,10.9,28.4,,14.6,8.3,22.9,0.241,,3.7,4.6,8.4
196,Jordan Farmar,UCLA,,66,66,32.2,4.4,10.8,0.41,3,6.4,0.463,1.5,4.4,0.333,3,4,0.76,0.6,2.4,3,5.2,1.2,0.2,3.8,2.1,13.3,,7.68,,0.526,0.478,0.409,0.369,,,,5.7,33.9,,0.4,22.9,26.3,,3.3,3.2,6.5,0.122,,,,
197,Daniel Gibson,Texas,,68,68,33,4.3,10.5,0.411,1.8,3.9,0.451,2.6,6.6,0.387,2.5,3.4,0.741,0.8,2.8,3.6,3.5,1.5,0.3,2.4,2.5,13.8,,7.28,,0.566,0.533,0.631,0.324,,,,6.1,20,,0.6,16.6,21.7,,4.9,4.4,9.3,0.165,,,,
198,Greg Monroe,Georgetown,,65,65,32.6,5.3,9.8,0.543,5.2,9.3,0.558,0.1,0.5,0.273,3.7,5.5,0.677,2.1,6.1,8.2,3.2,1.5,1.5,2.9,2.5,14.5,,9.26,,0.585,0.55,0.052,0.565,574,8.6,25.2,15.5,20.7,2.2,4.4,19,24.7,,6,4.5,10.5,0.198,,,,
199,Nik Stauskas,Michigan,,75,69,32.9,4.3,9.2,0.467,2,4,0.5,2.3,5.2,0.441,3.2,3.9,0.832,0.5,2.5,2.9,2.3,0.6,0.3,1.5,1,14.1,,9.85,20.3,0.638,0.591,0.564,0.421,974,1.8,9.5,5.7,13.4,1.1,0.9,11.8,21,,8.5,2.3,10.7,0.174,,7.9,0.8,8.7
200,Bill Walker,Kansas State,,37,33,26.6,5.6,12.3,0.456,4.6,8.9,0.52,0.9,3.3,0.285,3.2,4.4,0.727,2.4,3.7,6,1.7,0.8,0.5,2.5,3.2,15.3,,6.66,,0.533,0.494,0.271,0.355,,,,12.6,14.7,,1.4,14.8,28.7,,1.8,2.7,4.6,0.185,,,,
201,DeAndre Liggins,Kentucky,,100,29,21.9,1.9,4.8,0.407,1.3,2.9,0.455,0.6,1.9,0.332,1.3,2,0.643,0.5,2.5,3,2.1,0.9,0.5,1.5,1.9,5.8,,6.85,14,0.505,0.472,0.392,0.411,448,2.8,11.6,7.6,17,2.4,2.1,20.5,16.4,,2.5,3.8,6.3,0.114,,2.9,4.3,7.2
202,Solomon Jones,South Florida,,59,56,31.2,3.7,7.3,0.505,3.7,7.2,0.507,0,0,0,2.5,3.6,0.693,2.6,5.4,8,1,0.6,2.6,2.7,3.4,9.8,,3.34,,0.548,0.505,0.005,0.502,,,,15.3,7.9,,6.2,23.3,19.6,,2.7,3.8,6.5,0.142,,,,
203,Tony Wroten,Washington,,35,27,30.3,5.7,12.8,0.443,5.4,11.2,0.483,0.3,1.6,0.161,4.4,7.5,0.583,2.3,2.7,5,3.7,1.9,0.4,3.8,2.7,16,,5.27,20.4,0.488,0.453,0.125,0.591,579,8,10.7,9.3,24.5,3.5,1.2,18.7,31.2,,1.6,1.6,3.2,0.12,,2.4,2.8,5.2
204,Aaron Brooks,Oregon,,115,110,32.7,4.3,10.1,0.43,2.6,5.4,0.479,1.8,4.8,0.374,2.7,3.2,0.834,0.7,2.7,3.5,4.1,1.1,0.1,2.6,2.3,13.1,,6.68,,0.565,0.518,0.471,0.315,,,,6.6,26.2,,0.3,18.5,23.2,,7.7,4.5,12.2,0.129,,,,
205,Tobias Harris,Tennessee,,34,33,29.2,5.4,11.8,0.46,4.8,9.6,0.497,0.7,2.2,0.303,3.8,5,0.753,2,5.3,7.3,1.3,0.7,0.9,1.8,2.1,15.3,,8.73,23.8,0.54,0.489,0.189,0.423,476,7.5,20.6,14,10.4,1.4,3.4,11.4,27.2,,2.9,1.5,4.4,0.177,,3.3,2.3,5.5
206,Patrick Mills,Saint Mary's,,58,56,32.7,5.6,13.4,0.415,3.4,6.8,0.499,2.2,6.7,0.331,3,3.7,0.806,0.4,1.8,2.2,3.7,2,0.2,2.9,1.6,16.4,,0.92,,0.538,0.497,0.496,0.277,,,,3.8,23.6,,0.4,15.8,27.3,,3.8,3.8,7.6,0.16,,,,
207,Jordan Hamilton,Texas,,70,36,26.2,5.2,12.2,0.43,3.1,6.6,0.475,2.1,5.6,0.377,1.9,2.7,0.71,1.5,4.2,5.7,1.8,0.8,0.5,1.8,1.5,14.5,,7.67,23.3,0.538,0.516,0.461,0.218,928,6.4,16.8,11.7,14.2,1.8,1.8,11.7,27.7,,5.5,3.9,9.4,0.205,,7.2,3.3,10.4
208,Brandan Wright,UNC,,37,37,27.4,6.2,9.5,0.646,6.2,9.5,0.646,0,0,,2.4,4.2,0.567,2.1,4.1,6.2,1,1,1.8,1.6,1.5,14.7,,9.3,,0.637,0.646,0,0.445,,,,,,,,12.1,,,3.7,4,7.6,0.301,,,,
209,Eric Bledsoe,Kentucky,,37,35,30.3,3.9,8.4,0.462,2.6,5,0.516,1.3,3.5,0.383,2.2,3.3,0.667,0.5,2.6,3.1,2.9,1.4,0.3,3,2.2,11.3,,6.82,,0.566,0.54,0.41,0.394,405,1.9,8.5,5.5,16.8,2.6,1.1,23.2,20.4,,1.5,2.1,3.5,0.126,,,,
210,Tyrus Thomas,LSU,,32,21,25.9,4.8,7.8,0.608,4.7,7.8,0.606,0,0,1,2.8,4.3,0.657,2.8,6.4,9.2,1.3,1,3.1,1.8,2.6,12.3,,8.77,,0.627,0.61,0.004,0.548,,,,19.7,10.4,,8.1,15.8,21.7,,2.9,4.3,7.3,0.351,,,,
211,Steven Adams,Pitt,,32,32,23.4,3.1,5.5,0.571,3.1,5.5,0.571,0,0,,1,2.2,0.443,2.8,3.5,6.3,0.6,0.7,2,1.1,1.6,7.2,,5.63,23.2,0.555,0.571,0,0.4,228,15.3,21,18,5.4,1.9,11.2,14.4,17.7,,1.6,1.9,3.5,0.185,,3,8.8,11.9
212,Solomon Hill,Arizona,,139,129,29,3.5,7.3,0.481,2.7,5.1,0.528,0.8,2.2,0.375,2.5,3.3,0.745,1.8,3.8,5.6,2.2,0.9,0.4,2.1,2.4,10.3,,7.05,17.9,0.582,0.538,0.303,0.453,1480,7.8,15.8,11.8,15.8,1.9,1.3,19.1,19.7,,9,6,15,0.149,,4.8,3.6,8.4
213,Ronnie Brewer,Arkansas,,90,88,33,5.5,11.9,0.462,4.3,8.5,0.511,1.2,3.4,0.34,3.6,5.4,0.671,1.7,3.4,5,3.3,2.4,0.5,2.3,1.7,15.7,,5.35,,0.546,0.511,0.287,0.455,,,,8.8,21.5,,1.2,13.5,25,,6.2,7.4,13.6,0.184,,,,
214,Michael Carter-Williams,Syracuse,,66,40,25.4,2.7,6.8,0.398,2.1,4.8,0.438,0.6,2.1,0.307,2.2,3.2,0.679,0.9,2.7,3.6,5.2,2,0.4,2.3,1.8,8.2,,8.29,20.9,0.493,0.445,0.303,0.462,672,4,12.7,8.2,39.1,4.7,2,21.8,21.3,,3.3,4,7.4,0.176,,4.6,5.1,9.7
215,Kyrie Irving,Duke,,11,8,27.5,5,9.5,0.529,3.4,5.9,0.569,1.6,3.5,0.462,5.8,6.5,0.901,0.5,2.8,3.4,4.3,1.5,0.5,2.5,2.1,17.5,,8.31,32.5,0.697,0.615,0.375,0.683,189,2.3,10.6,6.7,29.8,3,1.8,16.4,26.4,,1.8,0.6,2.4,0.32,,10.8,3.5,14.3
216,Shawne Williams,Memphis,,36,34,27.8,4.3,10.4,0.416,3,6.1,0.489,1.3,4.3,0.312,3.2,4,0.786,1.7,4.4,6.2,1.9,1.4,1.4,2.3,2.9,13.2,,4.24,,0.534,0.48,0.411,0.387,,,,,,,,15.4,,,1.7,3.7,5.3,0.213,,,,
217,Harrison Barnes,UNC,,75,73,29.3,5.8,13.6,0.43,4.3,9.1,0.469,1.5,4.4,0.349,3.1,4.3,0.734,2,3.5,5.5,1.3,0.9,0.4,1.9,1.9,16.3,,8.61,20.3,0.524,0.487,0.326,0.313,1095,7.1,12.3,9.7,8.4,1.7,1.3,11.1,27.3,,5.6,3.8,9.3,0.17,,4.7,2.1,6.8
218,Nick Calathes,Florida,,72,71,33,5.3,11.6,0.455,3.5,6.8,0.507,1.8,4.8,0.38,3.9,5.4,0.715,1,4.3,5.3,6.3,1.8,0.1,3.1,2,16.3,,4.43,,0.573,0.533,0.413,0.467,,,,,,,,17.9,,,6.3,4.6,10.9,0.184,,,,
219,Kelly Olynyk,Gonzaga,,101,31,17.2,3.3,5.6,0.594,3.1,4.9,0.634,0.2,0.7,0.333,2,2.8,0.709,1.5,3.1,4.6,1.1,0.5,0.5,1.4,2,8.9,,4,27,0.641,0.616,0.132,0.501,851,11.1,20.4,16,13.1,1.8,3.1,16.6,24.9,,6.7,3.6,10.3,0.237,,6.6,3.7,10.4
220,John Wall,Kentucky,,37,37,34.8,5.5,11.8,0.461,4.5,8.8,0.509,1,3.1,0.325,4.7,6.3,0.754,0.8,3.5,4.3,6.5,1.8,0.5,4,1.9,16.6,,6.82,,0.562,0.503,0.26,0.53,669,2.7,10.1,6.6,34.8,2.9,1.5,21.4,25.7,,3.7,2.6,6.3,0.196,,,,
221,Donte Greene,Syracuse,,35,35,35.8,6.2,14.9,0.418,3.7,7.4,0.492,2.6,7.5,0.345,2.7,3.8,0.707,1.7,5.5,7.2,2,1.3,1.6,2.6,2.9,17.7,,7.96,,0.531,0.505,0.501,0.255,,,,10.8,10.6,,2.9,13.5,24.9,,1.9,2,3.9,0.124,,,,
222,Michael Beasley,Kansas State,,33,33,31.5,9.3,17.5,0.532,8.2,14.6,0.562,1.1,2.9,0.379,6.5,8.5,0.774,4,8.4,12.4,1.2,1.3,1.6,2.9,2.6,26.2,,7.79,,0.61,0.563,0.165,0.484,,,,21.3,9.3,,3.7,11.8,35,,5.4,5.4,10.7,0.413,,,,
223,Noah Vonleh,Indiana,,30,29,26.5,3.8,7.2,0.523,3.2,6.1,0.53,0.5,1.1,0.485,3.2,4.5,0.716,2.4,6.6,9,0.6,0.9,1.4,2.1,2.7,11.3,,6.64,22.2,0.604,0.56,0.153,0.62,321,10.8,27.3,19.4,4.9,1.9,5.4,18.6,21.4,,1.6,2,3.6,0.182,,1.2,4.9,6.1
224,Linas Kleiza,Missouri,,49,28,28.7,4.7,11.3,0.413,3.9,8.6,0.453,0.8,2.8,0.287,4.3,6.1,0.707,2.5,5.4,7.9,1.3,0.6,0.3,2.4,2.9,14.4,,9.14,,0.508,0.448,0.245,0.535,,,,14.1,13.3,,0.7,14.3,30.3,,1.8,2,3.8,0.109,,,,
225,Chandler Parsons,Florida,,142,81,27.9,3.7,7.8,0.477,2.6,4.6,0.575,1.1,3.2,0.337,1.7,2.8,0.611,1.9,4.1,6,2.4,0.9,0.3,1.6,2,10.2,,5.9,20.5,0.56,0.546,0.411,0.363,861,7.7,18.2,13,19.1,2,0.9,15.3,19.6,,8.4,7.2,15.5,0.157,,5.2,4.3,9.5
226,Jerami Grant,Syracuse,,72,29,21.9,2.6,5.3,0.486,2.5,5.1,0.496,0.1,0.3,0.3,2.2,3.5,0.641,1.7,2.9,4.7,0.9,0.6,0.5,0.9,1.8,7.5,,7.91,19.2,0.536,0.494,0.052,0.652,535,9,16.5,12.6,8.1,1.8,3,11.1,19.1,,3.6,3,6.6,0.168,,2.4,3,5.4
227,Hassan Whiteside,Marshall,,34,23,26.1,4.9,9.4,0.524,4.8,9.2,0.522,0.1,0.1,0.6,3.2,5.5,0.588,2.7,6.2,8.9,0.3,0.6,5.4,1.9,2.4,13.1,,1.57,,0.548,0.528,0.016,0.586,411,11.9,23.8,18.3,2.2,1.2,18.8,13.6,25.8,,2,2.5,4.5,0.2,,,,
228,Glenn Robinson III,Michigan,,76,76,33,4.6,8.8,0.525,3.9,6.4,0.603,0.7,2.4,0.313,2.1,2.9,0.718,1.8,3.1,4.9,1.1,1,0.3,1,1.3,12,,9.85,19.4,0.593,0.567,0.269,0.331,863,7,12,9.5,6.7,1.9,0.9,9.2,18.6,,7,3,10,0.159,,5.7,2.4,8.1
229,Al Thornton,Florida State,,124,69,22,4.4,8.3,0.528,3.9,7.2,0.543,0.5,1.2,0.438,3,4.2,0.701,2.1,3.1,5.2,0.7,0.8,0.6,1.7,2.3,12.3,,7.69,,0.593,0.559,0.139,0.505,,,,14.6,7.3,,2,14.4,28.3,,8.9,4.6,13.6,0.199,,,,
230,Kenneth Faried,Morehead State,,136,122,29.1,5.8,10.1,0.569,5.7,10,0.572,0,0.1,0.25,3.2,5.6,0.583,4.4,7.9,12.3,0.9,1.7,1.8,2.2,3.1,14.8,,-4.03,33.5,0.579,0.57,0.009,0.549,1125,18.2,33.9,25.8,6,3.3,8.5,14.9,26.1,,11.8,12.4,24.3,0.245,,4,5.9,9.9
231,O.J. Mayo,USC,,33,32,36.8,7.2,16.2,0.442,4.5,9.7,0.464,2.7,6.5,0.409,3.7,4.6,0.803,1.1,3.5,4.5,3.3,1.5,0.4,3.5,2.4,20.7,,8.59,,0.562,0.524,0.401,0.284,,,,7.4,21.4,,0.7,16.1,31.8,,3.4,1.8,5.2,0.172,,,,
232,DeMarcus Cousins,Kentucky,,38,37,23.5,5.4,9.7,0.558,5.4,9.6,0.565,0,0.2,0.167,4.3,7.1,0.604,4.1,5.8,9.8,1,1,1.8,2.1,3.2,15.1,,6.82,,0.579,0.56,0.016,0.726,555,19.8,24.8,22.5,9.2,2.4,7.5,13.6,30.5,,3.8,2.7,6.5,0.29,,,,
233,Kirk Snyder,Nevada,,84,74,30.8,5.7,13.3,0.426,4.4,9.3,0.477,1.3,4.1,0.31,4.1,6,0.677,2.3,4.1,6.4,2.7,0.9,0.8,3.1,2.4,16.7,,3.25,,0.516,0.473,0.305,0.454,,,,8.9,12.2,,2.1,16.2,29.5,,3.9,6,9.9,0.153,,,,
234,Marcus Thornton,LSU,,66,65,32.7,7.1,15.6,0.455,4.5,8.9,0.51,2.5,6.7,0.382,3.7,4.8,0.771,2,3.5,5.5,1.8,1.5,0.3,2,2,20.4,,4.46,,0.572,0.537,0.428,0.306,,,,9.3,12.7,,0.8,10.1,30.1,,7.1,3.8,10.9,0.201,,,,
235,Anthony Randolph,LSU,,31,31,32.8,5.9,12.7,0.464,5.8,12.1,0.483,0.1,0.6,0.105,3.7,5.4,0.693,2.8,5.7,8.5,1.2,1.1,2.3,3,2.7,15.6,,5.66,,0.511,0.467,0.048,0.421,,,,14.2,8.5,,4.6,16.3,28,,1.1,2.3,3.5,0.136,,,,
236,Jason Smith,Colorado State,,87,70,27.9,5.2,9.6,0.548,5.1,9.3,0.556,0.1,0.3,0.308,4.1,5.5,0.751,2.6,5.3,7.9,2,0.5,1.7,3.1,3.3,14.7,,3.95,,0.604,0.553,0.031,0.578,,,,15.5,17.8,,5.2,20.1,30.6,,8.1,2.4,10.5,0.172,,,,
237,Austin Rivers,Duke,,34,33,33.2,5.1,11.8,0.433,3.4,7.1,0.477,1.7,4.7,0.365,3.6,5.4,0.658,0.6,2.8,3.4,2.1,1,0,2.3,2.2,15.5,,8.4,16.9,0.538,0.505,0.396,0.458,488,2.2,10,6,13,1.7,0.1,13.9,25.2,,2.4,1,3.5,0.124,,3.7,0,3.7
238,Gorgui Dieng,Louisville,,102,81,27.3,3.3,6.1,0.545,3.3,6,0.546,0,0,0.333,1.7,2.7,0.64,3,4.9,7.9,1.2,1,2.6,1.6,2.7,8.3,,8.78,22,0.568,0.546,0.005,0.439,887,12.4,20.9,16.6,9,2.2,10.6,18.1,16.4,,5.4,7.8,13.2,0.19,,2.2,10.5,12.7
239,Rodney Carney,Memphis,,133,101,27.6,5,11.9,0.415,2.8,6,0.468,2.2,6,0.362,2.2,3.1,0.717,1.5,3.4,4.9,1.2,1,1,1.4,2.1,14.3,,5.22,,0.533,0.506,0.499,0.26,,,,11.6,8.9,,3.1,9.7,26.2,,6.8,9.6,16.4,0.179,,,,
240,Trevor Ariza,UCLA,,25,23,31.6,4.3,10,0.426,3.6,7,0.509,0.7,3,0.237,2.3,4.5,0.504,2.4,4,6.5,2.1,1.7,0.4,3.2,2.8,11.6,,6.82,,0.474,0.462,0.303,0.45,,,,,,,,21,,,0.2,0.8,1,0.052,,,,
241,Tristan Thompson,North Texas,,128,99,25.5,3.6,8.2,0.439,2.2,4.6,0.472,1.4,3.6,0.396,4.1,5,0.816,0.6,2.1,2.8,1.3,0.6,0.1,1.7,1.8,12.7,,-3.82,21,0.6,0.526,0.438,0.604,976,2.4,9.3,6.4,11.2,1.4,0.3,13.5,23.8,,10,3,13,0.159,,5.4,-3,2.4
242,Kris Humphries,Minnesota,,29,28,34.1,7.6,17.2,0.444,7,15.4,0.455,0.6,1.7,0.34,5.9,7.9,0.742,3.1,7,10.1,0.7,0.9,1.1,2.8,2.2,21.7,,5.36,,0.518,0.461,0.1,0.46,,,,17.2,5.1,,2.4,11.9,34.6,,1.8,1.7,3.5,0.14,,,,
243,Kevin Love,UCLA,,39,38,29.6,5.8,10.4,0.559,5.1,8.3,0.611,0.7,2.1,0.354,5.1,6.6,0.767,3.6,7,10.6,1.9,0.7,1.4,2,1.9,17.5,,7.71,,0.644,0.595,0.202,0.635,,,,22.1,14.1,,3.6,12.9,27,,5.6,5.7,11.3,0.391,,,,
244,Justin Hamilton,Overall,,96,81,21.8,3,5.6,0.535,3,5.5,0.542,0,0.1,0.25,1.8,2.5,0.741,2.4,2.8,5.2,0.5,0.4,1,1.1,2,7.9,,6.52,20.8,0.58,0.538,0.022,0.443,610,12.6,15.7,13.7,4.8,1.2,4.4,13.4,18.4,,5,3.2,8.2,0.157,,2.8,3.6,6.5
245,Kendall Marshall,UNC,,73,55,28.8,2.5,5.6,0.446,1.8,3.8,0.484,0.7,1.8,0.366,1.5,2.2,0.693,0.2,2.2,2.3,8,1.1,0.1,2.6,1.5,7.2,,8.61,16.1,0.541,0.505,0.323,0.401,732,0.6,7.8,4.2,43.2,2.2,0.4,28.5,14.7,,3.7,3.3,6.9,0.132,,2.9,0.9,3.9
246,Shane Larkin,Miami (FL),,68,54,31.3,3.8,8.6,0.438,2.3,4.6,0.491,1.5,4,0.375,2.2,2.7,0.808,0.5,2.7,3.2,3.6,1.8,0.1,2.1,1.6,11.2,,7.03,19.4,0.566,0.524,0.46,0.311,792,2,10.7,6.3,23.4,3.5,0.3,17.5,20.4,,5.1,3.3,8.5,0.159,,5.3,2.7,8.1
247,Russell Westbrook,UCLA,,75,35,21.9,3.1,6.6,0.464,2.6,5.3,0.491,0.5,1.3,0.354,1.7,2.4,0.685,0.9,1.5,2.4,2.5,1,0.1,1.6,1.7,8.3,,8.77,,0.532,0.499,0.2,0.365,,,,7.1,24.4,,0.4,17.2,21.8,,2.3,3.9,6.2,0.15,,,,
248,Austin Daye,Gonzaga,,67,34,22.5,4.1,8.6,0.477,3.2,6.4,0.495,0.9,2.2,0.422,2.5,3.1,0.79,0.9,4.9,5.8,1,0.7,1.9,1.9,2.6,11.6,,2.85,,0.575,0.53,0.255,0.364,,,,14.6,9.1,,6.2,16,27.1,,4.1,6.2,10.3,0.274,,,,
249,Ryan Kelly,Duke,,126,69,19.3,2.5,5.4,0.46,1.7,3.3,0.513,0.8,2.1,0.379,1.7,2.2,0.805,1.1,2.6,3.7,0.9,0.6,1.1,0.8,1.9,7.5,,8.87,20.8,0.585,0.535,0.394,0.399,919,6.8,15.2,11.1,9,1.7,5,11.4,18.8,,7.2,4.5,11.6,0.191,,5.6,4.6,10.2
250,Al-Farouq Aminu,Wake Forest,,62,60,30.1,5,10.6,0.476,4.6,8.9,0.522,0.4,1.7,0.238,3.9,5.7,0.687,3.3,6.1,9.4,1.4,1.2,1.3,2.9,2.8,14.4,,8.1,,0.541,0.495,0.16,0.534,488,14.6,20.5,17.6,9.1,2.6,4.5,17.9,27.5,,3.9,4.4,8.3,0.179,,,,
251,Sonny Weems,Arkansas,,69,66,31.2,5.2,11,0.473,3.8,7.3,0.527,1.3,3.7,0.366,1.6,2.1,0.767,1.6,3,4.6,2.3,1.3,0.3,2.7,2,13.3,,7.74,,0.557,0.534,0.336,0.193,,,,8.7,15.7,,0.8,18.1,23.2,,4.2,3.2,7.4,0.138,,,,
252,Glen Davis,LSU,,95,92,32,6,12,0.496,5.7,11.1,0.51,0.3,0.9,0.31,4.5,6.5,0.694,3.8,5.8,9.6,1.5,1.1,1.2,2.4,2.6,16.7,,7.99,,0.553,0.507,0.074,0.541,,,,17.3,10.7,,2.5,13.7,27.3,,7.1,8.2,15.3,0.202,,,,
253,Terrence Ross,Washington,,69,39,24.4,4.6,10.1,0.453,2.9,5.5,0.528,1.7,4.6,0.364,1.4,1.8,0.764,1.1,3.5,4.7,1.2,0.9,0.7,1.4,2.4,12.3,,6.51,21.1,0.557,0.536,0.456,0.181,748,4.9,16.8,10.6,9.4,2.1,2.6,11,23.8,,4.7,2.7,7.4,0.176,,4.8,2,6.8
254,Derrick Brown,Xavier,,106,72,25,3.7,6.5,0.573,3.2,5.3,0.61,0.5,1.2,0.415,2.4,3.3,0.718,1.9,3.7,5.6,1.5,0.7,0.8,1.6,2.5,10.3,,4.5,,0.64,0.612,0.189,0.509,,,,14.5,11.4,,2.3,16.6,18.2,,8.6,6.6,15.3,0.231,,,,
255,Rashad McCants,UNC,,98,90,29.2,6.3,12.9,0.486,4,7.4,0.538,2.3,5.4,0.415,2.8,3.8,0.721,1.5,2.6,4.1,2.1,1.5,0.6,2.2,2.4,17.6,,11,,0.597,0.574,0.422,0.298,,,,7.6,14.3,,1.4,13.2,26.8,,9.9,4.9,14.8,0.207,,,,
256,Jason Maxiell,Cincinnati,,129,95,27.6,4.4,8.6,0.507,4.3,8.5,0.509,0,0.1,0.286,3.4,5.2,0.653,2.8,4.3,7,0.7,0.7,1.9,1.5,2.6,12.1,,6.76,,0.548,0.508,0.006,0.608,,,,13.2,7.4,,5.6,11.7,23.3,,6.7,15.7,22.4,0.251,,,,
257,Travis Diener,Marquette,,120,89,31.4,4.3,10.2,0.416,1.9,4.5,0.42,2.4,5.7,0.413,3.2,3.8,0.837,0.5,2.6,3.1,5.1,1.3,0.1,1.9,2.1,14.1,,5.22,,0.585,0.532,0.559,0.375,,,,6.1,38.6,,0.1,13.7,24.2,,10.6,5.4,16,0.17,,,,
258,DeAndre Jordan,Texas A&M,,35,21,20.1,3.2,5.2,0.617,3.2,5.2,0.617,0,0,,1.5,3.4,0.437,1.9,4.1,6,0.4,0.2,1.3,1.6,1.9,7.9,,7.46,,0.58,0.617,0,0.65,,,,,,,,19.2,,,1.6,2.8,4.4,0.249,,,,
259,Festus Ezeli,Vanderbilt,,121,67,17.9,2.7,4.9,0.562,2.7,4.9,0.562,0,0,,2.3,3.9,0.584,1.8,2.7,4.5,0.1,0.3,1.7,1.6,2.6,7.7,,6.64,22.9,0.577,0.562,0,0.799,779,12.8,17.4,14.6,1.8,1.2,9.2,19.4,23.7,,4.4,4.1,8.5,0.157,,1.3,4.2,5.5
260,James Harden,Arizona State,,69,68,35,6,11.9,0.506,4.6,8,0.57,1.5,3.9,0.376,5.4,7.2,0.755,1.3,4.1,5.4,3.7,1.9,0.4,3,2.5,19,,7.05,,0.618,0.568,0.329,0.6,,,,10.3,27,,1,16.4,30.5,,10,3.8,13.8,0.23,,,,
261,Darren Collison,UCLA,,142,104,29.2,4,8.3,0.475,2.8,5.7,0.494,1.2,2.7,0.435,2.5,2.9,0.851,0.4,1.8,2.3,4.1,1.6,0.1,2.4,1.4,11.5,,8.25,,0.594,0.544,0.318,0.346,,,,5.1,24.4,,0.3,19.8,21.8,,11,8.2,19.2,0.185,,,,
262,Damian Lillard,Weber State,,104,98,32.3,5.6,12.6,0.446,3.3,6.5,0.497,2.4,6.1,0.39,5,5.8,0.867,0.4,3.9,4.3,3.5,1.2,0.2,2.4,2.1,18.6,,-2.21,29.3,0.606,0.54,0.481,0.458,1498,1.7,14.2,8.1,24.3,2.3,0.6,13.4,28.6,,14.2,3.4,17.6,0.209,,9.5,-1.4,8.1
263,Jameer Nelson,St. Joseph's,,125,125,34.5,5.6,12.4,0.454,3.8,7.4,0.514,1.8,5,0.365,3.7,4.7,0.786,1,3.6,4.6,5.7,2,0.1,3,2.2,16.8,,4.12,,0.573,0.527,0.405,0.377,,,,,,,,17.2,,,11.7,8.2,19.9,0.184,,,,
264,Wilson Chandler,DePaul,,59,52,31.1,5.1,11.4,0.445,4.3,8.8,0.487,0.8,2.6,0.303,2,3,0.659,1.9,5.2,7.1,1.2,0.7,1.5,1.8,2.9,12.9,,8.64,,0.504,0.48,0.231,0.262,,,,14.1,7,,3.7,12.3,23.2,,1.6,3.9,5.5,0.119,,,,
265,T.J. Warren,NC State,,70,49,31.2,7.5,13.6,0.555,6.9,11.5,0.598,0.6,2,0.315,2.8,4.3,0.654,2.7,3,5.7,1,1.5,0.5,1.7,2.5,18.5,,7.31,28,0.593,0.579,0.15,0.313,1155,10.3,11,10.7,7.4,2.9,1.7,9.7,28.6,,8.1,2.5,10.6,0.194,,7.7,0.7,8.4
266,Derrick Rose,Memphis,,40,39,29.2,5.2,10.9,0.477,4.3,8.3,0.521,0.9,2.6,0.337,3.7,5.1,0.712,1.4,3.2,4.5,4.7,1.2,0.4,2.7,1.7,14.9,,5.76,,0.56,0.517,0.239,0.47,,,,8.3,30.4,,0.9,16.7,26,,2.8,3.8,6.6,0.226,,,,
267,Khris Middleton,Texas A&M,,87,72,26,3.9,9.1,0.431,2.9,5.8,0.494,1.1,3.3,0.321,2.4,3.1,0.768,1.5,3,4.6,2,1,0.2,2,2.1,11.3,,7.42,19.6,0.534,0.489,0.364,0.345,956,7,14.4,10.6,18.7,2.4,0.9,15.9,25.5,,4.8,4,8.8,0.156,,4.6,2.6,7.2
268,Archie Goodwin,Kentucky,,33,33,31.8,4.8,10.8,0.44,4.2,8.9,0.478,0.5,1.9,0.266,4.1,6.4,0.637,1.5,3.2,4.6,2.7,1.1,0.5,3.1,2.9,14.1,,5.78,16.9,0.509,0.464,0.179,0.594,467,5.6,11.2,8.5,16.8,2.1,1.4,18.1,27.2,,1.6,1.5,3.1,0.117,,1.2,1.2,2.4
269,Norris Cole,Cleveland State,,140,106,29.4,4.8,11.1,0.435,3.8,8,0.48,1,3.1,0.321,3.5,4.2,0.826,0.6,2.5,3.2,3.3,1.5,0.1,2,2.2,14.1,,1.92,25.6,0.539,0.48,0.278,0.377,1332,2,13,6.4,26,3.5,0.3,13.4,26.8,,10.5,6.4,16.9,0.165,,8,2.7,10.7
270,Marcus Williams,Overall,,52,5,14.2,2,4.5,0.441,2,4.5,0.441,0,0,,2.2,3.2,0.677,2.1,2.5,4.6,0.6,0.5,0.5,1.4,2.1,6.2,,7.41,,0.509,0.441,0,0.708,,,,16.4,3.6,,2.1,19.2,13.9,,0.8,1.4,2.2,0.119,,,,
271,Josh Childress,Stanford,,86,57,28.6,4.5,10.2,0.438,3.3,6.6,0.494,1.2,3.6,0.335,2.2,2.8,0.755,1.9,4.9,6.8,1.8,0.9,1.1,1.7,2.1,12.3,,7.25,,0.532,0.497,0.352,0.278,,,,13.4,12.8,,2.7,13.1,22.7,,3.9,7.2,11.2,0.182,,,,
272,Shelden Williams,Duke,,139,128,28.1,4.9,8.6,0.572,4.9,8.6,0.574,0,0.1,0.333,4,5.7,0.694,3.2,5.9,9.1,0.9,1.2,3,2.3,3.1,13.9,,9.51,,0.611,0.573,0.01,0.659,,,,18.3,6.3,,7.3,16.9,24,,12.4,16.8,29.2,0.299,,,,
273,Aaron Gray,Pitt,,113,68,20.9,3.8,7,0.55,3.8,7,0.55,0,0,,2.1,3.6,0.595,2.5,4.5,7,1.3,0.4,1.2,1.6,2.1,9.8,,6.94,,0.565,0.55,0,0.513,,,,19.4,14,,3.7,15.2,24.9,,5.6,9.4,15,0.254,,,,
274,Anthony Davis,Kentucky,,40,40,32,5.3,8.4,0.623,5.2,7.9,0.653,0.1,0.5,0.15,3.6,5.1,0.709,3,7.4,10.4,1.3,1.4,4.7,1,2,14.2,,7.93,35.1,0.654,0.628,0.059,0.602,550,11.6,25.6,19,7.5,2.5,13.7,8.6,18.8,,5.9,4.1,9.9,0.31,,7.8,10.8,18.7
275,Dante Cunningham,Villanova,,139,104,27.2,3.7,7.1,0.524,3.7,7,0.525,0,0,0.333,2.2,3.2,0.693,2.5,3.4,5.9,1,1.2,0.8,1.8,2.8,9.6,,8.7,,0.561,0.524,0.003,0.449,,,,12,6.6,,2.1,17,15.3,,6.2,10.5,16.7,0.177,,,,
276,Dominic McGuire,Overall,,86,59,25,3.3,7.2,0.462,3,6,0.5,0.3,1.1,0.253,1.8,3.2,0.556,1.7,4.6,6.3,2,0.6,1.9,2.4,2.3,8.7,,4.16,,0.5,0.481,0.154,0.447,,,,12.7,10.5,,4.1,21.7,21.3,,1.4,6.8,8.2,0.153,,,,
277,Channing Frye,Arizona,,133,119,27.7,5.3,9.5,0.562,5.3,9.3,0.568,0,0.2,0.261,2.8,3.7,0.759,2.8,4.6,7.3,1.3,0.6,1.9,1.4,2.8,13.5,,9.02,,0.601,0.565,0.018,0.387,,,,14.4,9.7,,4.7,11.4,21.9,,10.3,10.9,21.2,0.23,,,,
278,Landry Fields,Stanford,,129,65,23.6,3.9,8.4,0.463,3.1,6,0.51,0.8,2.3,0.342,2.3,3.3,0.676,1.6,3.5,5,1.6,0.9,0.4,1.5,1.6,10.8,,7.35,,0.543,0.511,0.279,0.401,673,7.9,20.6,12.6,15.4,2.6,1.6,13.3,24.9,,6.4,5.4,11.8,0.155,,,,
279,Brandon Rush,Kansas,,109,101,31.3,4.9,10.9,0.449,3,6.6,0.458,1.9,4.3,0.435,1.8,2.5,0.733,1.5,4,5.5,2,0.7,0.8,2.1,1.5,13.6,,7.56,,0.558,0.535,0.395,0.229,,,,9.8,11.3,,1.8,14.8,21.8,,6.8,8.1,14.9,0.174,,,,
280,Spencer Dinwiddie,Colorado,,86,86,30.1,3.4,8,0.42,2,4.6,0.446,1.3,3.5,0.386,4.9,5.9,0.83,0.5,2.9,3.3,2.6,1.1,0.3,1.8,2.1,13,,7.49,20.9,0.599,0.504,0.432,0.733,1089,2,11.3,6.7,18.9,2.3,1.2,14.1,21.8,,8.4,3.9,12.3,0.19,,5.8,1.8,7.6
281,Jodie Meeks,Kentucky,,81,42,27.7,4.8,10.9,0.436,2.6,5.2,0.491,2.2,5.7,0.386,3.7,4.1,0.89,0.7,2.4,3,1.6,1.1,0.1,1.8,1.6,15.4,,7.77,,0.598,0.536,0.52,0.381,,,,6,11.9,,0.3,12.4,29.8,,7.8,2.1,9.9,0.176,,,,
282,Quincy Acy,Baylor,,139,66,25.1,3.6,6,0.602,3.6,6,0.604,0,0.1,0.429,2.5,3.6,0.708,2.2,3.8,6,0.6,0.7,1.3,1.5,2.6,9.8,,7.2,22.4,0.635,0.604,0.008,0.594,1107,10.8,17.9,14.4,5.3,1.7,5.3,16.7,19.1,,9.9,6.4,16.3,0.187,,3.2,4.6,7.9
283,Sean Williams,Boston College,,69,15,20.5,2,3.5,0.577,2,3.5,0.577,0,0,,1.5,2.4,0.605,1.6,2.6,4.2,0.6,0.6,2.8,1.2,2.7,5.5,,7.24,,0.592,0.577,0,0.699,,,,12.2,6.9,,9.9,20.5,16.1,,2.2,5.4,7.6,0.216,,,,
284,Joel Embiid,Kansas,,28,20,23.1,3.8,6.1,0.626,3.8,5.9,0.639,0,0.2,0.2,3.5,5.1,0.685,2.3,5.8,8.1,1.4,0.9,2.6,2.4,3.4,11.2,,11.4,28.2,0.655,0.629,0.029,0.836,307,12.7,27.3,20.5,11.5,2.3,11.7,21.6,23.4,,1.8,1.7,3.4,0.213,,4.7,10.2,14.9
285,Tony Snell,New Mexico,,104,76,24.8,3,7.1,0.421,1.4,2.9,0.48,1.6,4.2,0.38,1.6,1.9,0.821,0.4,2,2.4,2,0.5,0.3,1.5,1.2,9.2,,4.95,15.6,0.571,0.533,0.588,0.272,883,2,9.8,5.9,18.1,1.3,1.6,15.6,20.1,,5.1,3.8,8.9,0.138,,3.7,1.4,5.1
286,Corey Brewer,Florida,,108,106,27.2,4,8.2,0.48,3,5.7,0.536,0.9,2.6,0.356,2.5,3.6,0.708,1.3,3,4.3,2.8,1.6,0.4,2.3,2.2,11.3,,6.65,,0.571,0.535,0.312,0.431,,,,9.2,19.1,,1.1,19.1,21.6,,6.4,6.6,13,0.177,,,,
287,Markel Brown,Oklahoma State,,134,103,30.5,4.1,9.4,0.439,3,6.2,0.486,1.1,3.1,0.347,3,4.1,0.733,0.8,3.5,4.3,2.3,1,0.8,1.8,2.1,12.4,,7.74,18.4,0.545,0.497,0.335,0.442,1609,3,13.6,8.4,16.2,2,3,13.6,22.2,,8,6.3,14.3,0.14,,3.1,3.1,6.2
288,Derrick Williams,Arizona,,69,68,29.2,5.6,9.6,0.586,5,8.3,0.598,0.7,1.3,0.511,5.9,8.2,0.719,2.5,5.2,7.7,0.9,0.8,0.7,2.3,2.7,17.8,,8.04,29.7,0.66,0.621,0.136,0.85,1121,10.9,21,16.1,7.7,1.6,2.3,14.7,27.9,,9.2,3,12.2,0.242,,9.2,2.6,11.8
289,Stephen Curry,Davidson,,104,103,32.6,8.4,17.9,0.467,4.4,8.3,0.53,4,9.7,0.412,4.6,5.3,0.876,0.8,3.8,4.5,3.7,2.1,0.3,3,2.4,25.3,,-1.31,,0.62,0.578,0.538,0.293,,,,6.9,40.2,,0.6,12.9,38.3,,18,9.3,27.3,0.322,,,,
290,Tony Allen,Oklahoma State,,67,62,31.4,5.5,11.5,0.477,4.7,9.3,0.508,0.8,2.2,0.347,3.5,5.2,0.682,1.7,3.7,5.5,2.9,2,0.8,2.8,2.9,15.3,,7.84,,0.547,0.51,0.195,0.449,,,,9.6,19,,1.7,16.8,26.1,,4.6,6.3,10.8,0.206,,,,
291,Jared Sullinger,Ohio State,,74,72,31,6.1,11.5,0.53,5.8,10.8,0.541,0.3,0.7,0.365,4.9,6.7,0.733,3.3,6.4,9.7,1.2,1.1,0.8,1.8,2.7,17.3,,8.73,30.3,0.591,0.541,0.061,0.583,1225,13.3,25.9,19.5,8,2.1,3,10.7,27.4,,10.3,5.9,16.2,0.282,,5.9,4.4,10.3
292,Danny Granger,Overall,,95,82,28.4,5.6,11.2,0.496,4.7,9,0.529,0.8,2.2,0.366,4.7,6.3,0.753,2.5,5.7,8.2,1.6,1.6,1.9,2.3,3.2,16.7,,1.8,,0.587,0.533,0.2,0.561,,,,17.7,17.6,,4.1,13.8,30.8,,9.6,8.7,18.3,0.272,,,,
293,Byron Mullens,Ohio State,,33,2,20.3,3.6,5.7,0.638,3.6,5.7,0.642,0,0,0,1.6,2.8,0.559,1.7,3,4.7,0.3,0.5,1.1,1.5,2.1,8.8,,8.23,,0.629,0.638,0.005,0.495,,,,14.6,3.3,,4.7,18,24,,2.3,1,3.3,0.198,,,,
294,Jason Thompson,Rider,,122,112,32.1,6.2,11.8,0.526,6,11,0.544,0.2,0.8,0.291,4,6,0.667,3,6.6,9.6,2,0.9,1.9,2.6,3,16.7,,-3.38,,0.569,0.536,0.071,0.511,,,,16.7,14.3,,4,15.1,26.8,,9.8,6.9,16.8,0.171,,,,
295,Luther Head,Illinois,,128,84,25.4,3.5,7.5,0.473,1.9,3.2,0.594,1.6,4.3,0.382,1.4,1.9,0.752,0.7,2.5,3.1,2.5,1.2,0.2,1.5,1.5,10.1,,8.06,,0.605,0.582,0.572,0.253,,,,7.6,18.7,,0.5,15.5,21.2,,8.8,6.3,15.1,0.186,,,,
296,Ed Davis,UNC,,61,25,22.2,3.4,6.3,0.548,3.4,6.3,0.548,0,0,,2.3,3.7,0.623,2.4,5.3,7.7,0.7,0.4,2.1,1.4,1.9,9.2,,9.09,,0.572,0.548,0,0.595,282,10.8,24.2,17.9,5.7,0.9,7.8,14.9,19.2,,2.6,4.6,7.2,0.212,,,,
297,Deron Williams,Illinois,,101,98,31.7,4,9.4,0.422,2.3,5.1,0.464,1.6,4.3,0.374,1.5,2.1,0.685,0.4,2.9,3.3,5.9,1.1,0.2,2.4,2.2,11,,7.44,,0.529,0.508,0.46,0.228,,,,6.3,33.5,,0.5,18.8,21,,4.4,6.3,10.7,0.133,,,,
298,Danny Green,UNC,,145,39,19.9,3.4,7.4,0.455,2.1,4.1,0.522,1.3,3.4,0.375,1.4,1.6,0.845,1.4,2.7,4.1,1.8,1.1,1.1,1.4,1.9,9.4,,8.39,,0.574,0.54,0.455,0.222,,,,10.9,15.1,,3.6,14.9,22.3,,6.5,10.4,16.8,0.233,,,,
299,Shabazz Muhammad,UCLA,,32,30,30.8,6.3,14.3,0.443,5.1,10.9,0.463,1.3,3.3,0.377,4,5.6,0.711,2.7,2.5,5.2,0.8,0.7,0.1,1.6,1.7,17.9,,7.82,21.9,0.528,0.487,0.232,0.395,520,9.9,9.3,9.6,5.8,1.3,0.4,8.6,29.8,,2.9,0.8,3.7,0.149,,4.6,-1.9,2.7
300,Sam Young,Pitt,,143,78,25.5,5,10.1,0.498,4.2,7.8,0.539,0.8,2.3,0.356,2.4,3.4,0.692,1.8,3.2,5,1,0.8,0.8,1.9,1.7,13.2,,8,,0.564,0.538,0.225,0.339,,,,11.4,7.9,,2.3,13.8,26.9,,9.1,10.5,19.7,0.216,,,,
301,Darius Miller,Kentucky,,152,82,24.9,2.9,6.5,0.448,1.8,3.5,0.509,1.2,3,0.379,1.2,1.5,0.815,1,2.2,3.2,1.8,0.8,0.7,1.4,2.3,8.2,,7.12,17.1,0.568,0.537,0.467,0.229,1025,4.7,9.1,7.3,13.2,1.7,2.5,16.3,17.3,,8.1,5.9,13.9,0.147,,5.9,2.8,8.7
302,Chris Duhon,Duke,,144,113,33.4,3,7.2,0.418,1.9,3.7,0.511,1.1,3.5,0.321,1.7,2.4,0.693,0.8,2.6,3.4,5.7,2.1,0.1,2.5,1.9,8.8,,10.09,,0.529,0.497,0.489,0.338,,,,5.8,30,,0.3,22.8,16.3,,4.6,9.8,14.5,0.12,,,,
303,Allen Crabbe,California,,98,97,34.7,5.4,12.2,0.446,3.3,6.6,0.5,2.1,5.6,0.382,2.7,3.3,0.819,0.9,4.8,5.7,2.2,0.9,0.6,1.9,1.7,15.7,,7.16,20.1,0.571,0.533,0.458,0.268,1380,3.1,16.6,10,13.6,1.5,1.7,11.9,23.3,,8.6,4.9,13.6,0.159,,5.3,2.1,7.4
304,Jeremy Evans,Western Kentucky,,134,130,23.5,3.2,5,0.639,3.1,4.7,0.654,0.1,0.2,0.364,1.5,2.2,0.684,2.4,3.5,5.9,0.5,0.6,1.7,1,2.4,7.9,,-1.72,,0.66,0.648,0.049,0.436,332,13.5,17.8,14.4,4.3,1.9,6.8,14.4,16.1,,9,8.8,17.8,0.226,,,,
305,Jon Brockman,Washington,,131,129,28.7,5.5,10.3,0.534,5.5,10.3,0.534,0,0,0,2.8,4.6,0.612,3.7,6.1,9.8,1,0.8,0.1,2.1,2.8,13.8,,7.16,,0.553,0.534,0.001,0.448,,,,18.1,6.4,,0.3,14.2,21.3,,7.5,8.7,16.2,0.172,,,,
306,A.J. Price,UConn,,99,91,29.4,4.3,10.5,0.413,2.7,6.1,0.447,1.6,4.4,0.365,2.7,3.7,0.722,0.8,2.6,3.4,4.7,1.1,0.1,2.4,1.4,13,,7.14,,0.528,0.489,0.417,0.357,,,,5.8,28.2,,0,16.2,25.1,,4.4,5.9,10.3,0.142,,,,
307,Trey Burke,Michigan,,73,71,35.7,6,13.3,0.45,4.2,8.3,0.499,1.8,5,0.367,3.1,4,0.777,0.6,2.7,3.3,5.7,1.3,0.5,2.5,1.7,16.9,,9.51,24.3,0.556,0.519,0.374,0.3,1307,2.1,10.1,6.1,33.2,2.3,1.4,14,27.4,,9.7,3.2,12.9,0.197,,7.3,1.8,9.1
308,P.J. Tucker,Texas,,87,69,28.9,5,9.6,0.526,5,9.5,0.527,0,0,0.5,3.3,4.7,0.711,3.1,5.1,8.2,2,1.3,0.3,2.2,2.5,13.4,,7.65,,0.57,0.528,0.005,0.492,,,,15.7,13.8,,0.6,15.7,23.7,,6.1,7.6,13.7,0.218,,,,
309,Mike Conley,Ohio State,,39,39,31.6,4.1,7.9,0.518,3.6,6.2,0.579,0.5,1.8,0.304,2.6,3.7,0.694,0.7,2.7,3.4,6.1,2.2,0.3,2.2,1.5,11.3,,9.03,,0.584,0.552,0.223,0.466,,,,,,,,18.6,,,2.7,3.4,6.1,0.199,,,,
310,Daequan Cook,Ohio State,,39,1,19.7,3.6,8.1,0.445,2.2,4.8,0.465,1.4,3.3,0.415,1.2,1.7,0.697,0.7,3.6,4.3,1,0.7,0.3,1.4,1.7,9.8,,9.03,,0.548,0.53,0.41,0.208,,,,,,,,13.8,,,1.6,1.9,3.5,0.18,,,,
311,Patrick Patterson,Kentucky,,97,97,34,6.4,10.9,0.585,6.1,10.1,0.604,0.2,0.8,0.329,3.2,4.3,0.734,2.9,5.3,8.2,1.5,0.7,1.6,1.6,2.1,16.1,,6.24,,0.625,0.597,0.069,0.396,498,10.6,13.4,13.8,10,1.2,3.9,11.3,21.3,,12,5.7,17.7,0.215,,,,
312,Emeka Okafor,UConn,,103,103,31.8,5.7,9.7,0.59,5.7,9.7,0.59,0,0,,2.4,4.3,0.564,3.4,7.2,10.6,0.8,0.9,4.3,2,2.6,13.8,,7.61,,0.591,0.59,0,0.449,,,,17.5,4.6,,8.3,14.6,23.5,,8.2,14.1,22.3,0.272,,,,
313,Rodney Stuckey,Eastern Washington,,59,59,33.1,8.1,17.1,0.472,6.4,11.9,0.54,1.7,5.2,0.317,6.5,8.1,0.806,1.1,3.6,4.7,4.8,2.3,0.3,3.5,2.4,24.4,,-1.48,,0.581,0.52,0.306,0.474,,,,8.9,30.7,,0.6,14.2,36.3,,7.2,1.1,8.3,0.17,,,,
314,Andre Drummond,UConn,,34,30,28.4,4.6,8.6,0.538,4.6,8.5,0.541,0,0.1,0,0.8,2.6,0.295,3.4,4.2,7.6,0.4,0.8,2.7,1.5,2.2,10,,8.07,21.9,0.509,0.538,0.007,0.301,328,14.2,17,15.6,3.4,1.8,9.9,13.5,20.9,,1.4,1.5,2.9,0.121,,0.7,5.3,6
315,Rodney Hood,Overall,,67,62,32.8,4.7,10.4,0.455,3,6,0.499,1.8,4.4,0.396,2,2.6,0.773,0.9,3.4,4.3,2.1,0.6,0.3,1.3,2,13.3,,6.67,17.9,0.569,0.539,0.426,0.252,821,3.2,13,8,12.6,1.1,1,9.7,20.5,,5.8,2,7.8,0.142,,5,0.4,5.4
316,J.J. Hickson,NC State,,31,26,28.7,5.3,8.9,0.591,5.3,8.9,0.593,0,0,0,4.3,6.3,0.677,2.6,5.9,8.5,1,0.7,1.5,2.7,1.9,14.8,,9.06,,0.621,0.591,0.004,0.707,,,,17.4,9.2,,3.5,18.4,26.8,,3.2,0.7,3.9,0.175,,,,
317,Jimmy Butler,Marquette,,106,69,29.6,3.7,7.2,0.508,3.3,6.4,0.525,0.3,0.9,0.383,4.3,5.6,0.773,2.3,3.1,5.5,1.7,1.1,0.5,1,1.7,12,,8.21,24.7,0.607,0.531,0.122,0.776,1067,8.5,13.2,11.1,11.2,2.4,1.6,9.5,19,,11.2,4.7,15.9,0.203,,7,2.4,9.4
318,Rajon Rondo,Kentucky,,68,62,28.1,3.7,7.4,0.493,3.3,6,0.544,0.4,1.5,0.283,1.9,3.3,0.577,0.8,3.7,4.5,4.2,2.3,0.2,2.2,2,9.6,,8.49,,0.536,0.521,0.196,0.44,,,,9.3,28.9,,0.5,19.5,20.1,,2.7,5.1,7.8,0.163,,,,
319,Jarrett Jack,Georgia Tech,,101,100,32.3,4,8.4,0.478,3.1,5.9,0.53,0.9,2.6,0.359,3.6,4.5,0.796,0.4,4,4.5,5.4,1.8,0.1,3.3,2,12.5,,9.64,,0.594,0.532,0.305,0.532,,,,7.6,26.2,,0.2,23.8,21.8,,8.1,6.1,14.2,0.175,,,,
320,James Ennis,Long Beach State,,67,66,31,4.5,9,0.493,3,4.9,0.611,1.5,4.1,0.354,2.8,3.6,0.788,1.6,3.8,5.4,2.4,1.7,1,2.5,2.4,13.2,,1.39,22.4,0.615,0.574,0.457,0.398,861,6.1,14.7,10.4,15.6,3.2,3.5,18.9,21.5,,5.6,3.3,9,0.172,,5,2.8,7.9
321,Eric Gordon,Indiana,,32,32,34.7,5.8,13.3,0.433,3.6,6.8,0.525,2.2,6.5,0.337,7.2,8.7,0.834,0.7,2.5,3.3,2.4,1.3,0.6,3.6,2.2,20.9,,6.08,,0.601,0.515,0.489,0.652,,,,5.5,15.2,,1.3,17.1,30.8,,4.2,1.8,6,0.217,,,,
322,Toney Douglas,Overall,,130,126,34.2,5.7,12.9,0.442,3.8,8,0.483,1.8,4.9,0.376,3.6,4.4,0.802,0.8,3,3.8,2.6,1.8,0.3,2.6,2.3,16.8,,7.61,,0.56,0.513,0.382,0.344,,,,5.8,19.3,,0.8,14.6,25.9,,10.6,4.7,15.3,0.137,,,,
