FG,FG%,2P,2PA,2P%,FT,FTA,ORB,DRB,TRB,BLK,PTS,PER,TS%,eFG%,FTr,TRB%,BLK%,USG%,WS/40
5.2,0.462,3.9,8.2,0.477,4.8,5.9,0.5,2.5,3,0.6,16.4,22.9,0.586,0.518,0.529,5,1.2,24.3,0.193
6.6,0.603,6.4,10.4,0.616,3.2,4.7,3.5,7.6,11.1,1.6,16.6,22.9,0.629,0.612,0.429,24.2,4.2,29.7,0.307
5.5,0.522,5.3,9.8,0.539,2.6,3.8,2.7,4.7,7.4,0.7,13.7,20.5,0.558,0.531,0.363,14.2,2.6,22.4,0.162
3.4,0.503,3.2,6,0.545,1.7,2.5,2.6,4.7,7.2,0.6,8.7,22.9,0.544,0.516,0.363,15.5,1.3,17.7,0.186
3.1,0.388,1.3,2.9,0.458,2,2.5,1.3,1.9,3.2,0.3,10,22.2,0.544,0.5,0.309,9.7,1.5,25.8,0.195
5.5,0.562,5.5,9.8,0.563,3.5,5.1,2.4,5.1,7.6,2,14.6,22.9,0.595,0.563,0.52,15.3,4.7,24.2,0.244
3.2,0.45,2.4,4.6,0.528,1.3,1.8,1.3,2.5,3.8,0.5,8.5,22.9,0.532,0.504,0.249,8.9,1.7,19.3,0.138
4.8,0.503,4.4,8.3,0.528,3.1,4.1,2.4,3.2,5.6,0.3,13.1,22.9,0.572,0.524,0.429,11.6,1.3,24.4,0.176
3.5,0.405,1.7,3.8,0.457,1.3,1.9,0.4,1.8,2.2,0.2,10.1,22.9,0.526,0.508,0.223,5.7,0.8,24.4,0.101
4.6,0.498,3.7,6.8,0.55,2.8,3.8,1.9,5.3,7.1,0.9,12.8,24.4,0.585,0.545,0.41,14.2,3.1,20.9,0.231
4.9,0.45,3.8,7.8,0.488,3.4,4.3,0.9,2.8,3.7,0.1,14.4,22.9,0.552,0.501,0.393,12,2.848859935,24.24136808,0.145
5,0.483,4.1,7.9,0.52,3.4,4.9,2.1,3.5,5.6,0.4,14.2,21.7,0.562,0.524,0.473,11.2,1.5,26,0.167
3.6,0.611,3.6,5.9,0.611,3.1,5,3,5.4,8.5,4.2,10.3,22.9,0.624,0.611,0.844,17.9,9.2,19,0.272
5.6,0.455,4,8,0.494,2.6,3.3,1,3.1,4.1,0.2,15.5,22.9,0.555,0.523,0.269,7.9,0.6,27.4,0.172
6.7,0.473,5.7,11.2,0.504,4.6,6.1,3,5.7,8.7,1.2,19.1,28.4,0.558,0.511,0.429,17.1,4,32.7,0.205
3.2,0.449,2.9,6.4,0.463,2.9,4,1.4,2.4,3.8,0.2,9.5,22.9,0.531,0.465,0.566,8.3,0.6,20.4,0.171
4.6,0.447,2.6,5,0.522,3.8,4.8,0.7,3.4,4.1,0.4,14.8,22.9,0.593,0.542,0.474,7.7,0.3,27.6,0.21
6.8,0.519,6.1,11,0.549,4.2,5.3,3.3,5.5,8.9,0.4,18.4,22.9,0.592,0.546,0.411,15.3,0.8,23.8,0.202
5.5,0.568,5.5,9.6,0.568,2.7,4.3,4.7,6,10.7,1,13.6,22.9,0.582,0.568,0.448,22.7,2.9,24.6,0.314
4.8,0.419,2.8,5.8,0.48,2.6,3.4,0.8,3.4,4.2,0.1,14.1,21,0.544,0.507,0.303,8.3,0.3,26.3,0.164
6.1,0.45,4.8,9.9,0.49,5.1,6.4,0.9,3.8,4.7,0.2,18.5,28.1,0.56,0.497,0.47,8.8,0.5,29.3,0.226
3,0.567,3,5.2,0.585,1.6,2.2,1.3,3.4,4.7,1.1,7.7,20.3,0.601,0.569,0.413,15.4,6.5,21.1,0.149
1.7,0.563,1.7,3.1,0.565,1.2,2.1,1.3,2.6,3.9,1.5,4.7,22.9,0.575,0.565,0.682,13.2,6,15.9,0.203
4.7,0.541,4.7,8.5,0.552,1.8,2.7,2.2,3.3,5.5,1.4,11.3,22.9,0.564,0.543,0.312,13.6,5.6,26,0.247
5.6,0.46,4.2,8.1,0.525,4,5.1,0.6,2.1,2.7,0.2,16.6,22.9,0.567,0.516,0.416,4.1,0.3,21.5,0.129
4.8,0.488,3.9,7.3,0.531,2.7,3.9,2.1,4.4,6.5,1.2,13.1,22.9,0.565,0.533,0.402,12.7,2.9,24.1,0.174
5.1,0.54,4.4,7.6,0.579,3.3,4.6,1.2,2.4,3.7,0.4,14.2,22.9,0.611,0.575,0.485,7.4,1.2,26.7,0.245
7.1,0.618,7.1,11.4,0.622,4.5,7.7,3.6,8.3,11.8,1,18.8,22.9,0.62,0.62,0.665,21.8,2.4,29.5,0.29
5.3,0.504,4.4,8,0.548,4.4,6,2.9,4.3,7.2,0.3,15.9,22.9,0.595,0.548,0.573,12.1,0.5,21.5,0.178
4.3,0.518,3.9,7.4,0.534,2.2,3.2,2.2,4.6,6.7,1.7,11.2,22.9,0.568,0.541,0.389,14,4.9,22.4,0.238
5.1,0.44,4.1,8.4,0.485,4.2,5.2,0.8,2.5,3.3,0.3,15.4,19.1,0.548,0.484,0.453,6.4,1,27.8,0.136
5.4,0.448,4.2,8.5,0.493,5,6.5,2.2,3.7,5.9,1,17.1,21.4,0.563,0.499,0.538,10.4,3.1,26.3,0.17
3.5,0.506,2.9,5.6,0.522,3.8,4.5,1.8,4.8,6.6,0.5,11.3,22.9,0.627,0.545,0.66,16,1.4,21.1,0.239
4.2,0.603,4.2,7,0.602,2.4,3.5,2.3,3.7,5.9,1.9,10.9,22.9,0.626,0.605,0.506,16.2,6.3,24.6,0.278
5,0.611,5,8.1,0.613,2.5,4,3,5.4,8.4,2.1,12.4,22.9,0.621,0.611,0.488,16.5,7.9,21.8,0.195
4.4,0.534,4.2,7.7,0.549,1.6,2.4,3,5.5,8.5,1.6,10.5,21.8,0.562,0.542,0.293,16.5,5,19.3,0.176
5.2,0.586,5.2,8.9,0.586,3,4.7,3.4,4.8,8.2,1.8,13.5,22.9,0.605,0.586,0.527,15.3,4.2,20.9,0.28
4.2,0.518,4.2,8,0.524,5.1,7.1,2.1,4.7,6.8,1.4,13.6,22.9,0.588,0.52,0.866,16.4,4.2,27.6,0.231
6.3,0.464,4.4,8.8,0.498,3.1,3.7,1.7,3.5,5.2,0.6,17.6,22.9,0.572,0.535,0.275,10.4,1,25.4,0.189
4.7,0.448,2.9,5.5,0.519,3.2,3.7,1.2,2.7,3.9,1.4,14.4,22.9,0.587,0.535,0.353,7.6,3.3,26.1,0.261
2.8,0.568,2.8,4.9,0.567,2.4,3.3,1.6,3.8,5.4,2.7,8,26,0.616,0.569,0.677,15.9,14.3,19.7,0.224
5.2,0.428,4.1,8.7,0.469,4.5,5.8,1,3.4,4.4,0.3,16.1,25.7,0.539,0.475,0.474,7.3,0.7,26.2,0.196
7.2,0.577,7.1,12.2,0.58,4.2,6.8,5.5,7.3,12.7,2,18.6,22.9,0.594,0.579,0.546,19.3,3.5,23.7,0.304
6.1,0.48,6.1,12.3,0.491,3.7,4.9,2.3,4.8,7.1,1.9,16,22.9,0.532,0.482,0.384,14.6,4.9,31.4,0.213
5,0.461,4.1,8.5,0.483,2.8,3.8,1.9,4,5.9,1.7,13.6,22.9,0.538,0.501,0.353,10.8,3.2,25.2,0.191
4.2,0.411,2.3,5.3,0.444,3.6,4.4,0.7,3.3,4,0.2,13.7,21.6,0.562,0.501,0.433,7.3,0.7,24,0.175
4.1,0.423,2.4,5.1,0.467,2.6,3.5,0.7,3.4,4.1,0.3,12.5,22.9,0.55,0.512,0.361,6.7,0.5,20.3,0.132
4,0.54,3.9,7,0.559,2.5,3.8,1.9,4.6,6.5,1.9,10.8,22.9,0.578,0.549,0.507,13.1,4.4,19.1,0.201
2,0.575,2,3.5,0.574,1.7,2.9,1.6,2.5,4,0.9,5.7,22.9,0.59,0.577,0.826,12.9,3.3,15.8,0.139
4.4,0.458,3.8,7.6,0.493,2.7,3.9,1.2,3,4.2,0.7,12.3,22.9,0.533,0.493,0.4,9.5,1.9,25.4,0.17
4.9,0.467,4.8,10.2,0.474,2.8,4.6,3,4.7,7.7,0.8,12.7,17.7,0.501,0.47,0.434,16,3,28.2,0.094
5.7,0.471,4.6,8.4,0.546,2.7,3.7,1.7,4.8,6.5,0.6,15.2,22.1,0.549,0.517,0.311,11.9,1.9,24.9,0.176
5.5,0.433,3.7,7.7,0.479,3.4,4.3,2.4,4.4,6.9,0.7,16.2,21.6,0.548,0.504,0.342,11.6,1.8,24.7,0.21
3.8,0.422,2.3,5.4,0.429,1.4,2,0.6,2.9,3.6,0.3,10.4,15.1,0.526,0.503,0.227,6,0.9,17.3,0.152
3.7,0.578,3.7,6.4,0.578,1.9,3.4,3.1,3.8,7,2.2,9.3,22.9,0.58,0.578,0.528,13.4,4.7,15.7,0.213
3.3,0.424,2.8,5.9,0.473,2.5,3.3,2.2,4.4,6.6,0.5,9.6,22.9,0.511,0.458,0.427,13.7,1.1,20.1,0.137
5.3,0.482,3.8,6.6,0.573,1.9,2.4,1.1,3.6,4.7,0.6,14.1,21.3,0.58,0.553,0.217,8.2,1.9,22.2,0.164
3.8,0.616,3.8,6.2,0.617,2.9,4.2,2,4.4,6.4,1.7,10.5,22.9,0.642,0.617,0.679,16.5,6.4,24.2,0.31
4,0.486,2.4,4.4,0.545,2.5,3.2,0.3,2.5,2.8,0.4,12.2,22.9,0.619,0.584,0.389,5.3,0.8,21.8,0.236
8.7,0.473,6.4,12.7,0.505,6,7.3,3,8.1,11.1,1.9,25.8,22.9,0.587,0.536,0.396,16.5,3.5,33.2,0.28
1.9,0.557,1.9,3.5,0.557,0.9,1.5,1.8,3,4.8,0.6,4.8,18.5,0.575,0.559,0.426,17.3,3.7,16.2,0.17
5.9,0.492,5.9,11.9,0.495,5.9,8.8,3.4,6.4,9.8,0.6,17.8,22.9,0.549,0.495,0.731,18.6,1.4,29.8,0.186
3.8,0.525,3.7,7,0.525,2.2,3.6,2.1,5.2,7.3,0.7,9.8,26.1,0.55,0.529,0.502,22.8,3.9,28.3,0.217
5,0.44,2.9,5.7,0.503,2.7,3.5,1,2.3,3.3,0.3,14.9,21,0.571,0.533,0.306,6.3,1.1,24.6,0.183
3.5,0.471,3.1,6.1,0.504,2.7,4.3,1.3,2.5,3.8,0.2,10.2,22.9,0.537,0.501,0.574,9.3,0.8,26.6,0.173
3,0.553,2.9,5,0.581,1.2,2.2,2.1,3.2,5.3,1.1,7.4,22.9,0.566,0.567,0.396,15,3.8,20.5,0.213
4.4,0.517,3.3,5.9,0.568,3.2,4.1,0.6,2.3,2.9,0.1,13.1,22.9,0.624,0.579,0.482,5.4,0.2,21.5,0.221
5.6,0.44,3.8,8.1,0.473,2.4,3.3,1.1,3.3,4.4,0.4,15.3,22.6,0.536,0.508,0.258,8,1.2,27.5,0.171
5.8,0.515,4.9,8.4,0.587,2.5,3.6,2.8,5.5,8.3,1.4,14.8,22.9,0.575,0.551,0.32,15.2,3.3,25.7,0.219
5.5,0.523,5.3,9.5,0.562,2.7,4.2,2.4,3.3,5.7,0.4,13.9,22.9,0.555,0.531,0.401,12,2.848859935,24.24136808,0.14
2.8,0.455,2.4,4.9,0.483,1.9,2.6,1.1,1.9,3.1,0.2,7.8,22.9,0.532,0.488,0.435,7,0.6,18.1,0.121
5.2,0.492,3.8,6.5,0.581,2.7,4,2.1,5.4,7.6,0.9,14.6,26.7,0.584,0.56,0.377,14.5,3.2,21.9,0.233
5,0.457,3,5.5,0.539,2.8,3.6,0.6,2.8,3.5,0.2,14.8,22.9,0.586,0.549,0.33,7.3,0.4,22,0.163
4.6,0.465,3.4,6.4,0.527,2.3,3,1.4,3,4.4,0.5,12.7,23.9,0.56,0.527,0.302,9.2,1.6,24.8,0.156
5.9,0.433,2.6,5.6,0.472,4.8,5.2,0.5,2.2,2.7,0.1,19.9,22.9,0.615,0.553,0.381,4.3,0.1,25.7,0.199
3.9,0.586,3.9,6.6,0.589,2.5,4.1,2.3,5.6,7.9,1.7,10.3,22.9,0.601,0.586,0.613,17,4.9,18.6,0.244
4.3,0.47,2.6,4.6,0.569,4.1,4.9,1.7,5.7,7.4,0.9,14.4,22.9,0.624,0.562,0.536,14.1,2.7,22.3,0.249
5.3,0.426,3.7,7.6,0.49,4.3,6,0.7,2.8,3.5,0.1,16.4,21.5,0.538,0.489,0.484,6.5,0.2,26.6,0.165
5,0.467,4.5,9.1,0.493,3.4,5.3,2.5,5.5,8,1.8,14,24.9,0.526,0.493,0.489,15.1,5.9,25.4,0.204
3.2,0.417,2.9,6.7,0.43,2.2,3,1,3.2,4.2,0.1,8.8,22.9,0.488,0.434,0.392,8.2,0.3,19.9,0.102
6.6,0.536,6.5,12.1,0.541,6.9,8.7,3.4,5.2,8.6,0.5,20.2,22.9,0.613,0.539,0.708,15.1,1,27.2,0.26
4.9,0.413,3.5,7.3,0.488,5.5,7.3,1.5,4.4,5.9,0.6,16.6,25.4,0.542,0.47,0.612,10.3,2.1,28.2,0.207
4.1,0.4,2.7,6,0.457,1.5,2.6,1.5,5.5,6.9,0.6,11.2,22.9,0.484,0.467,0.254,11,1.3,20.6,0.136
4.8,0.44,4.3,8.7,0.495,2.3,3.5,1.9,3.5,5.4,0.2,12.3,22.9,0.493,0.462,0.323,10.6,0.7,26.2,0.116
5.1,0.489,3.8,7,0.544,2.5,3,1,3.2,4.2,0.2,13.9,22.9,0.59,0.551,0.29,12,2.848859935,24.24136808,0.216
5.2,0.399,3.6,8.1,0.441,3,3.8,1.4,3.4,4.8,0.4,15,22.9,0.505,0.461,0.291,8.6,0.9,28.6,0.129
3,0.504,3,5.9,0.505,3.3,4.5,1.8,3.2,5,1.4,9.3,22,0.575,0.504,0.756,13.7,6.7,22.8,0.176
3.5,0.542,3.3,5.9,0.563,1.4,2.7,1.7,3,4.8,1.8,8.7,22.9,0.557,0.56,0.405,14.5,6.5,25.1,0.183
5.2,0.512,4.7,8.6,0.541,3.5,4.5,1.8,3.2,5,0.5,14.3,22.9,0.585,0.537,0.45,10.5,1.2,23.8,0.188
5.9,0.616,5.9,9.6,0.616,3.8,6.1,3.5,6,9.6,3.3,15.7,22.9,0.626,0.616,0.638,12,2.848859935,24.24136808,0.355
6.2,0.495,5.5,10.4,0.533,5.9,7.3,2.2,3.6,5.8,0.4,19,27.8,0.592,0.522,0.579,11.3,1.2,30,0.206
4.4,0.497,4.3,8.5,0.505,1.6,3.2,2.5,5.7,8.1,2.5,10.3,23.3,0.501,0.5,0.365,17.6,10.3,22.7,0.166
3.5,0.574,3.5,6.1,0.574,2.3,3.2,2.3,5.5,7.7,2.3,9.4,22.9,0.612,0.574,0.515,20.5,9.9,21,0.282
4.7,0.432,3.4,7.5,0.457,1.1,1.9,1,1.9,2.9,0.5,11.6,22.9,0.496,0.489,0.179,5.1,1.6,20.4,0.127
4.9,0.425,3,6.1,0.5,2.6,3.6,0.6,3.5,4.1,0.3,14.3,18.3,0.539,0.507,0.308,7.9,1,25.2,0.138
2.5,0.409,1.5,3.1,0.497,1.1,1.6,0.9,2.5,3.4,0.3,7,22.9,0.516,0.486,0.26,10.1,0.9,21.2,0.128
4.8,0.58,4.8,8.2,0.58,2.9,4.6,2.9,5.6,8.5,2.4,12.4,22.9,0.597,0.58,0.557,14.8,5.5,19.2,0.215
5.7,0.399,4.3,9.4,0.457,2.4,3.9,1.2,3.3,4.6,0.2,15.4,22.9,0.473,0.45,0.268,6.9,0.6,26.1,0.113
4,0.467,3.5,6.8,0.512,2,3.2,2.1,4.9,7,1.2,10.6,22.9,0.524,0.498,0.366,16.1,4.3,22.7,0.193
5.7,0.478,4.5,8.9,0.498,1.7,2.3,2.3,2.5,4.9,0.4,14.4,22.9,0.552,0.531,0.189,12,2.848859935,24.24136808,0.145
3.4,0.441,2.1,4.3,0.494,1.3,1.8,0.5,2.1,2.5,0.2,9.4,14.6,0.545,0.524,0.236,6.1,0.8,20.1,0.111
4.3,0.457,3.2,6.3,0.503,2.5,3,1,2.4,3.4,0.1,12.2,22.9,0.565,0.518,0.319,7.7,0.3,23.8,0.128
5.5,0.425,3.8,7.9,0.487,3.2,3.9,1,3.8,4.8,0.3,16,22.9,0.537,0.49,0.3,7.6,0.7,26,0.153
6.1,0.432,3.5,7.3,0.473,2.9,3.6,0.7,2.2,2.9,0.7,17.8,22.9,0.562,0.526,0.251,5.7,1.5,31,0.175
5.4,0.449,4.8,9.7,0.497,2.8,3.7,3.3,6.9,10.2,0.6,14.1,25,0.513,0.473,0.312,19,2.2,26,0.211
5.8,0.484,4.8,9.2,0.518,3,3.9,1.7,3.3,5.1,0.3,15.5,22.9,0.563,0.525,0.326,11.6,0.5,27.1,0.146
5.8,0.533,4.7,8.1,0.587,3.5,5.1,2.5,5.7,8.1,1.2,16.1,28.3,0.609,0.58,0.467,17.1,4.6,27.5,0.238
7.9,0.55,6,10.2,0.587,4.1,4.9,1.9,5.6,7.5,0.1,21.7,30.2,0.652,0.616,0.345,14.8,0.3,32.3,0.235
5.8,0.46,3.5,6.6,0.536,4.2,5.2,1.9,3.1,5.1,0.6,17.9,22.9,0.596,0.549,0.416,9,1.6,26.3,0.193
5.6,0.529,4.7,8.3,0.565,4.8,6.1,1.9,3.8,5.8,0.3,17,22.9,0.628,0.574,0.575,11,0.7,25.8,0.217
5,0.457,3.6,6.9,0.523,3,3.7,1.6,2.3,3.9,0.1,14.4,22.9,0.566,0.523,0.342,7.8,0.2,23.7,0.149
4.5,0.458,2.6,5.3,0.492,2.5,3.2,1.2,3.2,4.4,0.5,13.4,22.9,0.591,0.555,0.325,8.6,1.8,23.4,0.197
6,0.455,3.9,7.8,0.497,4.5,5.1,0.5,2.1,2.6,0.1,18.7,30.7,0.596,0.535,0.386,5,0.3,30.5,0.223
3.8,0.538,3.7,6.8,0.548,2.2,3.3,2.4,4.5,7,2.1,9.7,22.1,0.569,0.539,0.476,16.5,8.6,20.7,0.165
4.8,0.45,2.5,5.2,0.483,3.6,4.5,0.6,2.2,2.8,0.1,15.5,22.9,0.606,0.558,0.42,5.9,0.3,26.7,0.21
5.7,0.513,5.7,11.1,0.519,4.3,6,3.5,6.5,10,1.2,15.8,22.9,0.562,0.513,0.532,19.7,2.9,26.7,0.229
3.5,0.453,2.5,4.9,0.513,1.8,2.3,0.4,1.5,1.9,0.2,9.7,23.3,0.551,0.516,0.303,5.5,1.3,25,0.198
6.5,0.48,5.4,11,0.494,5.2,5.8,2,6.2,8.1,0.8,19.4,22.9,0.591,0.52,0.424,13.4,1.9,26.8,0.202
5.1,0.559,5,8.6,0.574,2.4,3.9,3,4.9,7.9,1.9,12.9,22.9,0.584,0.569,0.428,16.4,4.8,23.3,0.25
4.6,0.44,4,8.5,0.472,2.8,3.4,1.3,4,5.3,0.4,12.5,22.9,0.52,0.467,0.33,10.6,1.4,24.8,0.105
5.1,0.54,4.8,8.7,0.554,4.6,5.8,2.6,5.6,8.2,1.8,15.1,22.9,0.616,0.555,0.617,16.1,3.3,23.2,0.198
5.4,0.495,3.4,6.1,0.553,3.2,3.7,1.3,3.9,5.2,0.7,15.9,23.2,0.633,0.586,0.345,9.4,2.2,23.2,0.217
4.5,0.535,4.3,7.6,0.559,2.1,3.5,2.4,3.6,6,0.4,11.2,22.9,0.562,0.547,0.416,14,1.2,22.1,0.181
7.1,0.558,7,12.2,0.572,3.8,5.9,3,5.6,8.6,0.8,18.1,22.9,0.583,0.563,0.463,14.5,1.4,27,0.212
5.4,0.443,3.8,8.2,0.463,4.4,5.5,0.6,2.3,2.9,0,16.9,22.9,0.569,0.51,0.447,4.2,0.2,20.9,0.161
5,0.454,3.6,6.9,0.516,2.6,3.3,2.2,4.7,7,1.2,13.9,22.9,0.555,0.518,0.306,11.6,4,24.3,0.167
4.3,0.452,3.8,8.1,0.465,3.1,4.3,1.7,7,8.7,0.8,12.2,22.6,0.531,0.479,0.452,15.9,2.8,22.2,0.167
3.5,0.511,3.5,6.9,0.511,1.9,3.1,2.6,3.1,5.6,2.3,9,22.9,0.535,0.512,0.452,13.3,6.9,21.1,0.201
5.2,0.464,3.8,7,0.543,2.6,3.6,1.6,2.7,4.3,0.7,14.4,25.8,0.559,0.526,0.318,9.3,2.5,27.9,0.154
5.7,0.536,5.6,10.3,0.544,3.9,5.9,2.9,4.7,7.6,0.9,15.4,22.9,0.572,0.539,0.561,12.8,2,25.5,0.199
4.7,0.527,4.1,7.4,0.557,3.1,3.9,1.6,3.6,5.2,0.3,13,22.9,0.609,0.559,0.439,12.8,0.4,27.7,0.193
3.8,0.456,1,2.3,0.443,1.9,2.1,1,3.2,4.2,0.1,12.4,22.9,0.66,0.622,0.245,9.1,0.2,20.2,0.191
3.9,0.432,2.3,5,0.464,2.2,2.9,0.8,1.9,2.8,0.2,11.6,22.9,0.554,0.519,0.325,5.5,0.3,20.8,0.141
5,0.449,3.9,8.3,0.477,3.9,4.9,0.5,2.9,3.4,0.2,15,22.9,0.555,0.498,0.437,6.4,0.3,26.3,0.177
5,0.485,4.7,9.2,0.512,3.9,6.5,1.5,3.6,5.1,0.5,14.3,21.3,0.533,0.5,0.625,9.2,1.6,25.6,0.139
5.1,0.578,5.1,8.8,0.578,2.3,3.6,2.8,5.1,7.9,1.4,12.5,22.9,0.593,0.578,0.405,18,4,24.4,0.185
4.8,0.58,4.8,8.3,0.585,2.9,3.8,2.7,4.8,7.5,1,12.6,22.9,0.62,0.58,0.454,16.1,2.8,22.3,0.201
4.7,0.543,4.7,8.6,0.544,3.5,4.5,2.7,4,6.7,1.1,12.8,27.3,0.597,0.543,0.52,15.1,4.6,24.1,0.231
5,0.466,4,8,0.502,2.8,3.7,0.5,2.6,3.1,0,13.7,22.9,0.551,0.51,0.35,5.7,2.848859935,25.3,0.145
3.6,0.439,1.7,3.3,0.517,0.9,1.2,1.6,3.4,5,0.2,9.9,19.5,0.568,0.555,0.145,10.8,0.8,18.2,0.176
4.2,0.396,3,6.7,0.45,3.1,4.1,1.1,3.4,4.5,0.2,12.7,19.9,0.503,0.453,0.39,7.9,0.6,23.9,0.135
5.8,0.458,3.8,7.8,0.489,6.2,7.4,0.4,2.3,2.7,0.1,19.7,22.9,0.612,0.536,0.59,4.9,0.2,29.2,0.178
6.3,0.484,4.5,8.5,0.532,4.2,5,2.7,6.3,9,0.5,18.7,22.9,0.605,0.554,0.379,17.9,1.1,29.4,0.188
4.7,0.555,4.3,7.3,0.585,2.9,4.3,2.4,3.8,6.2,0.4,12.6,27.5,0.601,0.579,0.514,14.6,1.8,24.5,0.232
4.4,0.411,3.5,8.1,0.429,3.4,4.4,0.8,2.6,3.4,0.2,12.9,21.3,0.511,0.453,0.414,5.7,0.7,21.9,0.18
4.3,0.581,4.3,7.3,0.584,2.8,4,2.2,4.6,6.8,0.9,11.3,22.9,0.609,0.581,0.55,16.3,2.4,23.5,0.227
4.2,0.445,2.3,4.7,0.484,2.2,3.1,0.9,2.9,3.8,0.4,12.6,19.3,0.577,0.548,0.324,8.1,1.4,23.6,0.174
6.3,0.602,6.1,9.8,0.628,5.6,7.9,3,4,7.1,0.8,18.4,22.9,0.647,0.61,0.752,14.7,2.2,29.4,0.293
3.1,0.553,2.8,4.8,0.579,1.9,2.9,2,4.1,6.1,0.9,8.5,25.7,0.603,0.583,0.504,17.7,4.8,21.8,0.208
5.3,0.415,3,5.9,0.504,2.9,3.9,1.3,4.8,6.1,0.4,15.8,24,0.543,0.507,0.307,11.5,1.6,27,0.182
6.6,0.575,6.3,10.8,0.586,3.7,5.1,2.2,5,7.2,2,17.1,27.7,0.616,0.585,0.45,14.9,6,29.1,0.202
4,0.633,4,6.2,0.633,1.6,2.3,1.9,3.6,5.4,0.9,9.5,22.9,0.647,0.633,0.371,12,2.848859935,24.24136808,0.333
6,0.469,4.1,7.8,0.524,3.1,4,1.4,4.4,5.8,0.4,17,22.9,0.58,0.544,0.31,10,0.7,24.8,0.147
4.5,0.521,4.4,8.3,0.528,2.7,3.5,2.6,4.7,7.3,0.4,11.8,26.6,0.575,0.529,0.405,16.6,1.4,24.1,0.18
5.6,0.44,3.2,7.2,0.452,3.5,4.4,0.8,3.1,3.9,0.2,16.9,22.9,0.574,0.531,0.346,6.6,0.3,26.7,0.191
7.2,0.462,4.9,9.1,0.542,6.8,8,0.9,3.5,4.5,0.4,23.3,22.9,0.602,0.533,0.519,7.9,0.7,28.3,0.218
3.8,0.464,3.5,7.3,0.484,3,4.1,1.7,4.6,6.3,0.9,10.8,19.4,0.533,0.479,0.502,14.3,3.5,23.8,0.146
7,0.503,5.7,10.3,0.551,4.2,5.5,1.3,3.8,5.1,0.4,19.7,22.9,0.591,0.552,0.397,9.4,0.9,26.7,0.193
5.4,0.412,3.3,7.5,0.439,2.6,4,1.4,4.2,5.6,0.6,15.4,22.9,0.516,0.492,0.303,7.8,0.7,26,0.121
6.2,0.455,5.3,10.3,0.514,3.7,5.2,1.3,4.1,5.4,0.8,17.1,22.9,0.529,0.489,0.384,10.2,2.2,33.1,0.268
4.2,0.482,3.4,6.5,0.521,2,2.7,1.3,3.2,4.5,0.7,11.2,29.2,0.559,0.529,0.309,12.8,3.3,28.4,0.207
3.7,0.467,3.1,6.3,0.496,2.3,3.4,2,5.6,7.6,0.8,10.5,25.4,0.543,0.506,0.426,18,3.6,23.7,0.212
4.1,0.52,4.1,7.7,0.526,2.1,3.6,2.5,5.2,7.7,2.7,10.3,22.9,0.538,0.523,0.456,18.6,10.7,23.5,0.246
4.4,0.555,4.4,7.7,0.565,1.5,2.5,2.1,4.2,6.3,1.3,10.4,22.9,0.566,0.557,0.32,14.5,3.8,22.8,0.252
5,0.495,4.6,8.9,0.513,2,4.7,2.7,5.3,8,1,12.4,20.4,0.503,0.516,0.471,14.9,3.4,23.2,0.183
4.9,0.501,4.8,9.3,0.517,5.1,7.2,3.5,6.9,10.4,0.8,15,24.5,0.567,0.505,0.739,19.2,2.6,25.4,0.191
3.9,0.538,3.4,5.9,0.585,2.5,3.5,2,3.2,5.2,0.5,10.7,24.1,0.604,0.57,0.476,13.1,2.3,22.7,0.198
5.5,0.592,5.5,9.3,0.594,5,6.6,2.6,4.7,7.3,1.2,16.1,30.6,0.643,0.592,0.705,15.7,4.4,25.4,0.271
4.1,0.59,4.1,6.9,0.59,2.3,4.3,2.7,6.8,9.5,4.4,10.5,27.3,0.583,0.59,0.627,17.4,13.2,17.4,0.206
5.1,0.447,3.1,6.5,0.485,3.4,4.2,1.9,4.8,6.7,0.9,15.5,22.9,0.579,0.532,0.369,11.5,2.5,24.6,0.155
5.3,0.502,4.8,9.1,0.525,3.8,5,1.5,5.3,6.8,0.7,15,22.9,0.577,0.527,0.473,14.1,2.4,30.8,0.194
4.7,0.445,3,5.6,0.541,3.6,4.7,1.4,5.4,6.7,0.8,14.8,22,0.575,0.525,0.44,12.3,2.6,23,0.18
6.9,0.439,5,10.5,0.47,5.5,6.7,1.5,4.8,6.3,0.5,21.3,29.1,0.563,0.501,0.423,11,1.5,32.4,0.224
5.4,0.463,3.4,6.6,0.513,2,2.5,1.1,3,4.1,0.1,14.7,22.9,0.577,0.549,0.216,8,0.4,22.1,0.164
3.9,0.45,3,5.8,0.516,2.4,3.2,1.8,3,4.8,1.9,11,25.1,0.547,0.501,0.373,12,8.5,26.5,0.186
4.7,0.553,4.3,7,0.62,2.6,3.8,2.6,5.9,8.5,2.2,12.5,26.1,0.602,0.577,0.44,18.7,8.8,23,0.178
4,0.491,3.7,6.9,0.535,3.6,4.8,2.6,4.9,7.4,0.9,11.9,21.2,0.57,0.511,0.589,14,2.8,20.6,0.192
3.7,0.574,3.7,6.4,0.578,2.4,4,2.4,5.4,7.7,1.4,9.8,22,0.584,0.575,0.622,17.3,5,20.2,0.181
4.1,0.42,2.1,4.6,0.463,2.8,3.9,1.2,4.4,5.5,0.4,13,22.9,0.56,0.521,0.396,9.5,0.9,19.7,0.138
4.2,0.509,3.8,6.9,0.551,2.2,2.9,2.4,5.5,8,1.1,11.1,24.2,0.571,0.535,0.355,17.7,4.4,22.7,0.199
3.3,0.472,3.2,6.6,0.485,1.6,2.5,2.5,3.8,6.3,2.8,8.4,22.9,0.511,0.481,0.357,13.4,9.2,18.3,0.154
5.4,0.465,4.4,8.2,0.536,4.2,5.8,1.2,3.5,4.8,0.3,15.9,22.8,0.556,0.507,0.506,8.4,1,23.7,0.172
6,0.508,5.4,10.1,0.535,1.8,2.7,2.6,4,6.7,1.8,14.4,22.9,0.551,0.533,0.229,12,2.848859935,24.24136808,0.211
5.9,0.567,5.7,9.8,0.587,3.1,4.5,2.9,6.6,9.5,0.6,15.1,22.9,0.601,0.575,0.43,21.7,1.8,29.6,0.251
6.2,0.532,6.2,11.6,0.533,2.4,3.2,2,4.4,6.4,1.7,14.9,22.9,0.563,0.533,0.27,13.2,4.3,25.8,0.198
3.6,0.516,3.2,5.7,0.555,1.9,3.2,2.9,7,10,1.4,9.6,23.5,0.561,0.549,0.459,21,5.4,19,0.185
6,0.452,5.5,10.9,0.506,2.9,4.3,2.8,5.9,8.6,1.4,15.5,21.1,0.504,0.472,0.326,14,4.2,24.9,0.109
4.8,0.471,2.1,4.3,0.488,3,3.5,0.4,1.8,2.2,0.1,15.2,22.9,0.646,0.602,0.342,4.1,0.2,22.3,0.176
5.6,0.601,5.6,9.2,0.602,3.9,7,3.4,4.6,8,2.6,15,22.9,0.596,0.601,0.754,12,2.848859935,24.24136808,0.232
6.8,0.571,6.3,10.7,0.591,7.4,9.4,3.4,5.5,8.8,1.7,21.4,22.9,0.655,0.59,0.791,14.6,3.9,27.6,0.257
5.7,0.423,3.4,7.4,0.461,3.6,4.5,0.7,3.4,4,0.2,17.3,19.3,0.553,0.508,0.333,6.3,0.6,27,0.157
5.3,0.468,2.1,4.1,0.521,3.3,3.8,0.4,2.3,2.7,0.3,16.9,23.6,0.648,0.607,0.339,5.2,0.9,24.2,0.206
4.4,0.472,3,6.4,0.473,4.9,5.8,0.7,3.2,3.9,0.2,15,22.9,0.622,0.545,0.62,6.6,0.4,20.6,0.178
5.7,0.476,4.6,8.9,0.515,2.6,3.7,2.2,4.7,6.9,1.1,15.1,22.9,0.551,0.522,0.313,12.6,2.3,24.7,0.195
6.1,0.424,3.6,8.1,0.45,3.2,3.9,0.9,3.9,4.8,0.8,17.9,23.6,0.55,0.509,0.27,8.7,2.7,31.9,0.159
